lab_message_id,snapshot_id,raw_id,dataset_message_id,telegram_chat_id,chat_id,chat_title,topic_id,thread_id,topic_title,reply_to,timestamp,primary_class,classifier_route,route,route_reason,risk,material_type_hint,confidence,marker_id,domains,model_names,error_codes,length_tokens,has_link,has_api_terms,has_code,preview
msg-00001,snapshot-2e5c3804a503,25753,25753,-1001738612591,-1001738612591,,,,,,2026-06-30T11:54:02+00:00,CAREER_JOB_POST,RETAIN_CONTEXT_ONLY,AGGREGATE_ONLY,job_or_career_post_not_material;job_or_event_single_source_not_material,LOW,NONE,0.820,job_event_marker,hrov.net,,,120,true,false,false,"Рад что вам понравилось видео, наконец-то я могу переодеваться в костюмы как будто бы ироничнно, а не потому что мне это хочется Мне надо, чтобы вы поняли: я не хочу клеить на профессию HR/рекрутера ярлык и обобщать Мне такая вражда кажется иррациональной. Внутреннего HR ОМ я нап"
msg-00297,snapshot-2e5c3804a503,25438,25438,-1001213290552,-1001213290552,,1,1,,,2026-06-30T11:02:42+00:00,EVENT_ANNOUNCEMENT,RETAIN_CONTEXT_ONLY,AGGREGATE_ONLY,event_or_meetup_announcement_not_material;job_or_event_single_source_not_material,LOW,NONE,0.800,job_event_marker,,,,108,false,false,false,"Ручной performance-маркетинг — прошлый век? Коллеги из Plurio.ai проведут прямой эфир, посвященный внедрению AI в performance-маркетинг. Спикер Макс Епифанов расскажет, как устроена работа UA-команды в проекте TripleTen с использованием нейросетей. В фокусе внимания будет разбор "
msg-00398,snapshot-2e5c3804a503,25337,25337,-1001213290552,-1001213290552,,1,1,,,2026-06-30T10:41:17+00:00,EVENT_ANNOUNCEMENT,RETAIN_CONTEXT_ONLY,AGGREGATE_ONLY,event_or_meetup_announcement_not_material;job_or_event_single_source_not_material,LOW,NONE,0.800,job_event_marker,,,GREAT,106,false,false,false,"B2B-маркетинг и долгосрочные отношения с клиентами На вебинаре эксперты обсудят, почему долгосрочные отношения становятся ключевым фактором успеха в B2B, особенно для регионального бизнеса. Будет рассмотрен вопрос построения доверия с клиентами и использования инструментов для ук"
msg-00440,snapshot-2e5c3804a503,25292,25292,-1001213290552,-1001213290552,,1,1,,,2026-06-30T10:33:39+00:00,EVENT_ANNOUNCEMENT,RETAIN_CONTEXT_ONLY,AGGREGATE_ONLY,event_or_meetup_announcement_not_material;job_or_event_single_source_not_material,LOW,NONE,0.800,job_event_marker,,,GREAT,93,false,false,false,"B2B-маркетинг и долгосрочные отношения с клиентами На вебинаре эксперты обсудят, почему долгосрочные отношения становятся ключевым фактором успеха в B2B, особенно для регионального бизнеса. Будет рассмотрен вопрос построения доверия с клиентами и использования инструментов для ук"
msg-00508,snapshot-2e5c3804a503,25218,25218,-1001594483330,-1001594483330,,11429,11429,Резюме,,2026-06-30T10:10:00+00:00,CAREER_JOB_POST,RETAIN_CONTEXT_ONLY,AGGREGATE_ONLY,job_or_career_post_not_material;job_or_event_single_source_not_material,LOW,NONE,0.820,job_event_marker,,,,29,false,false,false,"Спасиб огромное) Не успеваешь сделать резюме как уже меняются алгоритмы, буквально недавно рекомендовалось писать в ""обо мне"" контакты и стек внизу после достижений. Надо бы сделать несколько резюме на разных акках и тестить кнш, как лучше"
msg-00528,snapshot-2e5c3804a503,25196,25196,-1001213290552,-1001213290552,,1,1,,,2026-06-30T10:02:31+00:00,EVENT_ANNOUNCEMENT,RETAIN_CONTEXT_ONLY,AGGREGATE_ONLY,event_or_meetup_announcement_not_material;job_or_event_single_source_not_material,LOW,NONE,0.800,job_event_marker,,,,109,false,false,false,"ИИ: Не вместо, а вместе. Как приручить технологии без бунта в команде? Внедрение нейросетей требует перехода от простых экспериментов к решению конкретных бизнес-задач. Главная цель — сделать технологии инструментом эффективности, а не просто набором платных подписок. На вебинаре"
msg-00533,snapshot-2e5c3804a503,25190,25190,-1001213290552,-1001213290552,,8681,8681,,,2026-06-30T10:01:02+00:00,CAREER_JOB_POST,RETAIN_CONTEXT_ONLY,AGGREGATE_ONLY,job_or_career_post_not_material;job_or_event_single_source_not_material,LOW,NONE,0.820,job_event_marker,,,ZNWR,121,false,false,false,Бренд-менеджер в ZNWR #офис #Москва #вакансия ZNWR — российский бренд одежды. Подробности: • Город: Москва • Офис Задачи: • Участвовать в формировании и развитии бренд-стратегии • Следить за целостностью позиционирования бренда и коммуникаций • Развивать бренд-платформу и ключевы
msg-00729,snapshot-2e5c3804a503,24988,24988,-1001213290552,-1001213290552,,8681,8681,,,2026-06-30T09:17:41+00:00,CAREER_JOB_POST,RETAIN_CONTEXT_ONLY,AGGREGATE_ONLY,job_or_career_post_not_material;job_or_event_single_source_not_material,LOW,NONE,0.820,job_event_marker,,,,195,false,false,false,"SMM-менеджер в S&P Digital #офис #Москва #вакансия S&P Digital — музыкальный лейбл. Подробности: • Работа в режиме 4/1 (четыре дня в офисе, один день удаленно), график с 10:00 до 18:30. • Работа в офисе в центре Москвы. • Трудоустройство по ТК РФ. • Возможность посещать концерты,"
msg-00766,snapshot-2e5c3804a503,24951,24951,-1001594483330,-1001594483330,,11429,11429,Резюме,,2026-06-30T09:01:56+00:00,CAREER_JOB_POST,RETAIN_CONTEXT_ONLY,AGGREGATE_ONLY,job_or_career_post_not_material;job_or_event_single_source_not_material,LOW,NONE,0.820,job_event_marker,,,,27,false,false,false,"Я выкладывал резюме 1 июня Полностью его заполнил, подтвердил навыки Несколько Hr написали с 5 по 10 июня, потом тишина Параллельно откликался вручную, писал сопроводы - ноль конверсии (у меня неэффективное резюме) Личная статка)"
msg-00858,snapshot-2e5c3804a503,24852,24852,-1001594483330,-1001594483330,,11429,11429,Резюме,,2026-06-30T08:48:23+00:00,CAREER_JOB_POST,RETAIN_CONTEXT_ONLY,AGGREGATE_ONLY,job_or_career_post_not_material;job_or_event_single_source_not_material,LOW,NONE,0.820,job_event_marker,,,,19,false,false,false,"сколько примерно кто может посоветовать гипотезы по резюме тестить? например, если вообще не конвертит - 1 недели тестов достаточно и можно новый акк делать?"
msg-01620,snapshot-2e5c3804a503,24051,24051,-1001672173012,-1001672173012,,,,,,2026-06-30T07:10:01+00:00,CAREER_JOB_POST,RETAIN_CONTEXT_ONLY,AGGREGATE_ONLY,job_or_career_post_not_material;job_or_event_single_source_not_material,LOW,NONE,0.820,job_event_marker,,,,88,false,false,false,"Выспался. Создал чат-бота. Заработал +17.000 рублей. Пока ты едешь на «любимую работу» к 8ч утра, другие запускают этого бота, следуют пошаговой инструкции и получают +17.000 рублей за несколько часов работы. Эти люди не программисты и у них даже нет высшего образования. Они прос"
msg-01854,snapshot-2e5c3804a503,23808,23808,-1001469962443,-1001469962443,,50854,50854,ВАКАНСИИ,,2026-06-30T06:58:50+00:00,CAREER_JOB_POST,RETAIN_CONTEXT_ONLY,AGGREGATE_ONLY,job_or_career_post_not_material;job_or_event_single_source_not_material,LOW,NONE,0.820,job_event_marker,,,,40,false,false,false,"Добрый день, ищу парттайм маркетолога на b2b проект. У решения выходит значимое обновление, о котором нужно максимально громко заявить и наладить лидген. Маркетологу предстоит подобрать площадки и каналы, поработать с текущими клиентами, возможно (!) подобрать партнеров. Финальна"
msg-01993,snapshot-2e5c3804a503,23655,23655,-1001594483330,-1001594483330,,11429,11429,Резюме,,2026-06-30T06:18:19+00:00,CAREER_JOB_POST,RETAIN_CONTEXT_ONLY,AGGREGATE_ONLY,job_or_career_post_not_material;job_or_event_single_source_not_material,LOW,NONE,0.820,job_event_marker,,,,24,false,false,false,"Вопрос, насколько большая вероятность, что при небольшом промежутке между откликом старым резюме и новым на одну и ту же вакансию тебя спалят? (почта, телефон, др,опыт, фамилия другие)"
msg-02136,snapshot-2e5c3804a503,23494,23494,-1001594483330,-1001594483330,,11429,11429,Резюме,,2026-06-30T03:02:16+00:00,CAREER_JOB_POST,RETAIN_CONTEXT_ONLY,AGGREGATE_ONLY,job_or_career_post_not_material;job_or_event_single_source_not_material,LOW,NONE,0.820,job_event_marker,2r.ru,,,401,true,false,false,"1) Многие HR очень не жалуют коммерческий опыт параллельно обучению в универе, в идеале надо подкрутить что учеба закончилась до начала коммерческого опыта. Крутить уже на другом аккаунте с другими ФИО и контактами, этот засветился с текущей легендой. Можешь попробовать текущий а"
msg-02159,snapshot-2e5c3804a503,23471,23471,-1001594483330,-1001594483330,,11429,11429,Резюме,,2026-06-30T02:00:23+00:00,CAREER_JOB_POST,RETAIN_CONTEXT_ONLY,AGGREGATE_ONLY,job_or_career_post_not_material;job_or_event_single_source_not_material,LOW,NONE,0.820,job_event_marker,,,,19,false,false,false,"Ребят, привет! Чекните пожалуйста резюме, буду благодарен Третья крутка, по гайдам вроде все делаю, но ноль приглашений на собесы, что можно улучшить?"
msg-02626,snapshot-2e5c3804a503,22970,22970,-1001594483330,-1001594483330,,11429,11429,Резюме,,2026-06-29T22:16:04+00:00,CAREER_JOB_POST,RETAIN_CONTEXT_ONLY,AGGREGATE_ONLY,job_or_career_post_not_material;job_or_event_single_source_not_material,LOW,NONE,0.820,job_event_marker,,,,55,false,false,false,"Пример как будто не подходящий инструмент - из него не понятно для какого контекста выбраны именно такие формулировки, что сделано намеренно а что случайно, какие ошибки допускать не стоит. Не говоря о том, что ""текущие реалии"" очень быстроменяющееся понятие) Попробуй сделать так"
msg-02630,snapshot-2e5c3804a503,22966,22966,-1001594483330,-1001594483330,,11429,11429,Резюме,,2026-06-29T22:13:58+00:00,CAREER_JOB_POST,RETAIN_CONTEXT_ONLY,AGGREGATE_ONLY,job_or_career_post_not_material;job_or_event_single_source_not_material,LOW,NONE,0.820,job_event_marker,2r.ru,,,308,true,false,false,"1) Возраст лучше указать чем не указывать. Либо накрутить чтобы попадал в диапазон 26-35 лет (вместе с ним подкрутить даты обучения), либо указать реальный но быть готовой что конверсия будет ниже чем при накрутке. Если крутить то уже на другом аккаунте с другими ФИО и контактами"
msg-02631,snapshot-2e5c3804a503,22965,22965,-1001594483330,-1001594483330,,11429,11429,Резюме,,2026-06-29T22:13:10+00:00,CAREER_JOB_POST,RETAIN_CONTEXT_ONLY,AGGREGATE_ONLY,job_or_career_post_not_material;job_or_event_single_source_not_material,LOW,NONE,0.820,job_event_marker,,,,231,false,false,false,"1) Сейчас у hh изменились алгоритмы, если в ""обо мне"" явно прописать телефон, емейл или телеграм, то резюме будет ниже размещаться в выдаче. Попробуй удалить (либо тестировать на разных версиях резюме), а контакты скидывай в сопроводительном. 2) Достижения в опыте работы оформить"
msg-02633,snapshot-2e5c3804a503,22963,22963,-1001594483330,-1001594483330,,11429,11429,Резюме,,2026-06-29T22:11:55+00:00,CAREER_JOB_POST,RETAIN_CONTEXT_ONLY,AGGREGATE_ONLY,job_or_career_post_not_material;job_or_event_single_source_not_material,LOW,NONE,0.820,job_event_marker,2r.ru,,,258,true,false,false,"1) В навыках-тегах английский язык не нужен, должен быть в разделе ""знание языков"". 2) Навыки нужно указать исключительно 30 самых частых из бота @om_assistant_robot (ввести ""/start"", выбрать ""Топ навыков и резюме"", потом свою специальность) или с сайта https://2r.ru/top-skills-a"
msg-02634,snapshot-2e5c3804a503,22962,22962,-1001594483330,-1001594483330,,11429,11429,Резюме,,2026-06-29T22:11:43+00:00,CAREER_JOB_POST,RETAIN_CONTEXT_ONLY,AGGREGATE_ONLY,job_or_career_post_not_material;job_or_event_single_source_not_material,LOW,NONE,0.820,job_event_marker,,,,91,false,false,false,"11) Каждое достижение должно занимать 3-4 строчки, плюс пустые строки между ними. Всего достижений должно получиться 5-7 штук на каждое рабочее место. 12) Если правки вносишь в резюме на текущем аккаунте, то обязательно сделать копию текущего резюме, вносить правки в копию, так а"
msg-02635,snapshot-2e5c3804a503,22961,22961,-1001594483330,-1001594483330,,11429,11429,Резюме,,2026-06-29T22:11:33+00:00,CAREER_JOB_POST,RETAIN_CONTEXT_ONLY,AGGREGATE_ONLY,job_or_career_post_not_material;job_or_event_single_source_not_material,LOW,NONE,0.820,job_event_marker,,,,448,false,false,false,"1) Возраст должен быть указан и попадать в диапазон 26-35 лет, HR могут предвзято относится к остальным. Нужно подкрутить даты обучения и опыта работы чтобы укладывалось в этот диапазон. Крутить уже на другом аккаунте с другими ФИО и контактами, этот засветился с текущей легендой"
msg-02739,snapshot-2e5c3804a503,22851,22851,-1001594483330,-1001594483330,,11429,11429,Резюме,,2026-06-29T21:23:26+00:00,CAREER_JOB_POST,RETAIN_CONTEXT_ONLY,AGGREGATE_ONLY,job_or_career_post_not_material;job_or_event_single_source_not_material,LOW,NONE,0.820,job_event_marker,,,,13,false,false,false,"Если бы мне положилиего на стол, я бы скипнул резюме если честно. А что там нейронки сейчас думают я хз"
msg-02763,snapshot-2e5c3804a503,22826,22826,-1001594483330,-1001594483330,,11429,11429,Резюме,,2026-06-29T21:19:11+00:00,CAREER_JOB_POST,RETAIN_CONTEXT_ONLY,AGGREGATE_ONLY,job_or_career_post_not_material;job_or_event_single_source_not_material,LOW,NONE,0.820,job_event_marker,,,,40,false,false,false,"Помню ехали мы с другом по трассе, немного превышая скорость (где-то на 110 км в час), останавливает мент, ну друг кладет 50к в права, передает, мент проверяет и желает хорошего пути. Вот видимо это ваш единственный вариант! распечатываете резюме, шлете HRу предварительно вложив "
msg-03274,snapshot-2e5c3804a503,22247,22247,-1001594483330,-1001594483330,,1,1,Флуд,,2026-06-29T19:59:20+00:00,CAREER_JOB_POST,RETAIN_CONTEXT_ONLY,AGGREGATE_ONLY,job_or_career_post_not_material;job_or_event_single_source_not_material,LOW,NONE,0.820,job_event_marker,,,,81,false,false,false,"сейчас же нету открытого апи, вопрос конечно к разрабам автоотклика, но первое что приходит в голову это эмуляцию кликов на интерфейсе делать. И где-то слышал что HR видят был ли отклик изнутри вакансии (значит заинтересовался, зашел и прочитал описание) или с поисковой страницы "
msg-03892,snapshot-2e5c3804a503,21585,21585,-1001594483330,-1001594483330,,11429,11429,Резюме,,2026-06-29T18:06:16+00:00,CAREER_JOB_POST,RETAIN_CONTEXT_ONLY,AGGREGATE_ONLY,job_or_career_post_not_material;job_or_event_single_source_not_material,LOW,NONE,0.820,job_event_marker,,,,18,false,false,false,"Привет! А есть у кого пример резюме, которое «работает» в текущих реалиях? На любую позицию Под «работает» подразумеваю, что проходит до скринингов"
msg-04282,snapshot-2e5c3804a503,21142,21142,-1003922856266,-1003922856266,,116,116,Полезные ссылки,,2026-06-29T17:05:55+00:00,CAREER_JOB_POST,RETAIN_CONTEXT_ONLY,AGGREGATE_ONLY,job_or_career_post_not_material;job_or_event_single_source_not_material,LOW,NONE,0.820,job_event_marker,,,,56,false,false,false,"🔥 Нашли NotebookLM за 0️⃣ рублей — это опенсорсная InsightsLM со всеми фичами оригинала. Что умеет: 🔅Чат по документам — что написано в отчёте, сделай краткое резюме, найди противоречия и т.д.; 🔅Ссылки и поиск конкретных мест в документах; 🔅Генерация подкастов и конспектов по мат"
msg-04307,snapshot-2e5c3804a503,21118,21118,-1001594483330,-1001594483330,,11429,11429,Резюме,,2026-06-29T16:58:48+00:00,CAREER_JOB_POST,RETAIN_CONTEXT_ONLY,AGGREGATE_ONLY,job_or_career_post_not_material;job_or_event_single_source_not_material,LOW,NONE,0.820,job_event_marker,,,,23,false,false,false,"Всем привет! Можете, пожалуйста, сделать ревью резюме, вообще конверсии нет, опыт в резюме реальный и можно ли указывать NDA в названии места работы? #python #ai #fastapi #middle"
msg-04912,snapshot-2e5c3804a503,20464,20464,-1001594483330,-1001594483330,,11582,11582,Накрутка опыта,,2026-06-29T15:15:04+00:00,CAREER_JOB_POST,RETAIN_CONTEXT_ONLY,AGGREGATE_ONLY,job_or_career_post_not_material;job_or_event_single_source_not_material,LOW,NONE,0.820,job_event_marker,,,,41,false,false,false,"привет. Подскажите, знакомый устраивался в компанию Бизнес Аналитиком по ТК РФ. Но проработал там ~1.5 месяцев. В трудовой соответственно это так же указано. А в резюме например 3 года опыта. Что по этому поводу можно сказать на собесе или при предоставлении документов для HR? Ти"
msg-05501,snapshot-2e5c3804a503,19817,19817,-1002139675468,-1002139675468,,,,,,2026-06-29T14:02:02+00:00,CAREER_JOB_POST,RETAIN_CONTEXT_ONLY,AGGREGATE_ONLY,job_or_career_post_not_material;job_or_event_single_source_not_material,LOW,NONE,0.820,job_event_marker,youtu.be,,,50,true,false,false,"Как вычислять лгунишек без скиллов / Ультимативный гайд по HR https://youtu.be/WX8sXMu77TU https://youtu.be/WX8sXMu77TU https://youtu.be/WX8sXMu77TU Я позвал HRку с 74-летним опытом в АйТи, чтобы наконец разобраться, как фильтровать Волков дурачков при найме. Этот гайд станет баз"
msg-05511,snapshot-2e5c3804a503,19807,19807,-1001738612591,-1001738612591,,,,,,2026-06-29T14:01:11+00:00,CAREER_JOB_POST,RETAIN_CONTEXT_ONLY,AGGREGATE_ONLY,job_or_career_post_not_material;job_or_event_single_source_not_material,LOW,NONE,0.820,job_event_marker,youtu.be,,,50,true,false,false,"Как вычислять лгунишек без скиллов / Ультимативный гайд по HR https://youtu.be/WX8sXMu77TU https://youtu.be/WX8sXMu77TU https://youtu.be/WX8sXMu77TU Я позвал HRку с 74-летним опытом в АйТи, чтобы наконец разобраться, как фильтровать Волков дурачков при найме. Этот гайд станет баз"
msg-05516,snapshot-2e5c3804a503,19803,19803,-1001750589044,-1001750589044,,71966916608,71966916608,,,2026-06-29T14:00:46+00:00,CAREER_JOB_POST,RETAIN_CONTEXT_ONLY,AGGREGATE_ONLY,job_or_career_post_not_material;job_or_event_single_source_not_material,LOW,NONE,0.820,job_event_marker,youtu.be,,,50,true,false,false,"Как вычислять лгунишек без скиллов / Ультимативный гайд по HR https://youtu.be/WX8sXMu77TU https://youtu.be/WX8sXMu77TU https://youtu.be/WX8sXMu77TU Я позвал HRку с 74-летним опытом в АйТи, чтобы наконец разобраться, как фильтровать Волков дурачков при найме. Этот гайд станет баз"
msg-05552,snapshot-2e5c3804a503,19764,19764,-1001594483330,-1001594483330,,1,1,Флуд,,2026-06-29T13:53:49+00:00,CAREER_JOB_POST,RETAIN_CONTEXT_ONLY,AGGREGATE_ONLY,job_or_career_post_not_material;job_or_event_single_source_not_material,LOW,NONE,0.820,job_event_marker,,,,30,false,false,false,"Активность на сайте hh: часто открывать вакансии, часто скролить страницы, часто откликаться, часто писать в чате (в том числе сопроводительные), отвечать на каждое сообщение, делать все это непосредственно перед часами активности HR т.к. эффект недолговечный и т.д"
msg-05763,snapshot-2e5c3804a503,19543,19543,-1001594483330,-1001594483330,,1,1,Флуд,,2026-06-29T13:10:18+00:00,CAREER_JOB_POST,RETAIN_CONTEXT_ONLY,AGGREGATE_ONLY,job_or_career_post_not_material;job_or_event_single_source_not_material,LOW,NONE,0.820,job_event_marker,,,,29,false,false,false,"Я думаю сейчас пишутся фильтры / превращение резюме в векторное представление -> считается метрика типа косинусового расстояния между вакансией и резюме -> сортировка идет именно по метрике А даже если позиция в списке влияет, то как на неё воздействовать?"
msg-05787,snapshot-2e5c3804a503,19518,19518,-1001204511390,-1001204511390,,485896,485896,,,2026-06-29T13:04:15+00:00,CAREER_JOB_POST,RETAIN_CONTEXT_ONLY,AGGREGATE_ONLY,job_or_career_post_not_material;job_or_event_single_source_not_material,LOW,NONE,0.820,job_event_marker,,,,55,false,false,false,"Я инженерный лидер, фокус на деливери, квалити и AI. Руковожу инженерными командами; сейчас строю доставку на ИИ и сам собрал два продукта целиком на ИИ-пайплайне. Ищу в Дубае руководящую роль: Engineering Manager, AI Transformation Lead или Head of Delivery. AI-first среда, упра"
msg-05803,snapshot-2e5c3804a503,19500,19500,-1001594483330,-1001594483330,,1,1,Флуд,,2026-06-29T13:00:47+00:00,CAREER_JOB_POST,RETAIN_CONTEXT_ONLY,AGGREGATE_ONLY,job_or_career_post_not_material;job_or_event_single_source_not_material,LOW,NONE,0.820,job_event_marker,,,,14,false,false,false,"Пункт про позицию в списке откликов недооценивают - резюме может быть топ, а до него просто не дойдут"
msg-06171,snapshot-2e5c3804a503,19099,19099,-1001213290552,-1001213290552,,8681,8681,,,2026-06-29T12:05:54+00:00,CAREER_JOB_POST,RETAIN_CONTEXT_ONLY,AGGREGATE_ONLY,job_or_career_post_not_material;job_or_event_single_source_not_material,LOW,NONE,0.820,job_event_marker,,,,110,false,false,false,"Креатор / SMM-менеджер в студию дизайна интерьера Hot Walls #офис #Москва #вакансия Студия дизайна интерьеров Hot Walls — один из узнаваемых брендов на рынке. Подробности: • График 5/2 с 10:00 до 19:00, в пятницу до 17:00. • Работа в офисе, Москва. • Возможности для карьерного и "
msg-06444,snapshot-2e5c3804a503,18810,18810,-1001213290552,-1001213290552,,8681,8681,,,2026-06-29T11:09:57+00:00,CAREER_JOB_POST,RETAIN_CONTEXT_ONLY,AGGREGATE_ONLY,job_or_career_post_not_material;job_or_event_single_source_not_material,LOW,NONE,0.820,job_event_marker,,,BPMN,234,false,false,false,"Руководитель проектов (департамент развития кросс-блочных продаж) #гибрид #Москва #вакансия Ищем руководителя проектов в команду развития кросс-блочных продаж для реализации проектов, направленных на развитие продаж расчетно-кассового обслуживания для предпринимателей: от появлен"
msg-06477,snapshot-2e5c3804a503,18776,18776,-1001213290552,-1001213290552,,1,1,,,2026-06-29T11:02:41+00:00,EVENT_ANNOUNCEMENT,RETAIN_CONTEXT_ONLY,AGGREGATE_ONLY,event_or_meetup_announcement_not_material;job_or_event_single_source_not_material,LOW,NONE,0.800,job_event_marker,,,,85,false,false,false,"Масштаб через делегирование В современных условиях совершение сделки требует от 7 до 20 касаний с клиентом. Работа в таком ритме превращает деятельность предпринимателя во вторую работу, так как количество часов в сутках неизменно. Новый уровень дохода достижим не за счет увеличе"
msg-06503,snapshot-2e5c3804a503,18748,18748,-1001594483330,-1001594483330,,11429,11429,Резюме,,2026-06-29T10:53:17+00:00,CAREER_JOB_POST,RETAIN_CONTEXT_ONLY,AGGREGATE_ONLY,job_or_career_post_not_material;job_or_event_single_source_not_material,LOW,NONE,0.820,job_event_marker,,,,21,false,false,false,"Спасибо тебе большое! Это вообще первое мое резюме, опыта ранее у меня не было, очень ценна обратная связь, тегну как исправлю (сделаю на новый акк) 🫡❤️"
msg-06511,snapshot-2e5c3804a503,18738,18738,-1001594483330,-1001594483330,,11429,11429,Резюме,,2026-06-29T10:50:08+00:00,CAREER_JOB_POST,RETAIN_CONTEXT_ONLY,AGGREGATE_ONLY,job_or_career_post_not_material;job_or_event_single_source_not_material,LOW,NONE,0.820,job_event_marker,,,,428,false,false,false,"1) Возраст должен быть указан и попадать в диапазон 26-35 лет, HR могут предвзято относится к остальным. Нужно подкрутить даты обучения и опыта работы чтобы укладывалось в этот диапазон. Крутить уже на другом аккаунте с другими ФИО и контактами, этот засветился с текущей легендой"
msg-06512,snapshot-2e5c3804a503,18736,18736,-1001594483330,-1001594483330,,11429,11429,Резюме,,2026-06-29T10:49:30+00:00,CAREER_JOB_POST,RETAIN_CONTEXT_ONLY,AGGREGATE_ONLY,job_or_career_post_not_material;job_or_event_single_source_not_material,LOW,NONE,0.820,job_event_marker,2r.ru,,,369,true,false,false,"1) Упоминание сеньорского грейда отовсюду убрать, как ни странно режешь себе конверсию. Возможно где-то будет мидловская позиция в задачами твоего уровня или вкусной зарплатой. 2) Сертификаты и курсы выглядят релевантно, но у некоторых HR есть к ним предубеждение, тут как повезет"
msg-06514,snapshot-2e5c3804a503,18734,18734,-1001594483330,-1001594483330,,11429,11429,Резюме,,2026-06-29T10:49:15+00:00,CAREER_JOB_POST,RETAIN_CONTEXT_ONLY,AGGREGATE_ONLY,job_or_career_post_not_material;job_or_event_single_source_not_material,LOW,NONE,0.820,job_event_marker,,,,317,false,false,false,"1) Возраст должен быть указан и попадать в диапазон 26-35 лет, HR могут предвзято относится к остальным. Нужно подкрутить даты обучения и опыта работы чтобы укладывалось в этот диапазон. Крутить уже на другом аккаунте с другими ФИО и контактами, этот засветился с текущей легендой"
msg-06516,snapshot-2e5c3804a503,18732,18732,-1001594483330,-1001594483330,,11429,11429,Резюме,,2026-06-29T10:48:31+00:00,CAREER_JOB_POST,RETAIN_CONTEXT_ONLY,AGGREGATE_ONLY,job_or_career_post_not_material;job_or_event_single_source_not_material,LOW,NONE,0.820,job_event_marker,,,,293,false,false,false,"1) В поле ""Формат работы"" должны быть все 3 значения: на месте работодателя, удалённо, гибрид. HR могут отсеивать тех у кого что-то не указано, даже если ищут через этот фильтр удаленщиков. Если нужна удаленка а будет предложение на офисную работу, то на этапе оффера еще можно по"
msg-06517,snapshot-2e5c3804a503,18730,18730,-1001594483330,-1001594483330,,11429,11429,Резюме,,2026-06-29T10:47:43+00:00,CAREER_JOB_POST,RETAIN_CONTEXT_ONLY,AGGREGATE_ONLY,job_or_career_post_not_material;job_or_event_single_source_not_material,LOW,NONE,0.820,job_event_marker,,,,403,false,false,false,"1) Возраст должен быть указан и попадать в диапазон 26-35 лет, HR могут предвзято относится к остальным. Нужно подкрутить даты обучения и опыта работы чтобы укладывалось в этот диапазон. Крутить уже на другом аккаунте с другими ФИО и контактами, этот засветился с текущей легендой"
msg-06584,snapshot-2e5c3804a503,18658,18658,-1001213290552,-1001213290552,,1,1,,,2026-06-29T10:31:18+00:00,CAREER_JOB_POST,RETAIN_CONTEXT_ONLY,AGGREGATE_ONLY,job_or_career_post_not_material;job_or_event_single_source_not_material,LOW,NONE,0.820,job_event_marker,,,HRBP,129,false,false,false,"Сильная команда начинается с руководителя На форуме обсудят, почему специалисты выбирают определенные компании и задерживаются в них, а из других увольняются даже при более высоких предложениях. Эксперты разберут, как руководителю перестать быть «узким горлышком» в процессах и ст"
msg-06764,snapshot-2e5c3804a503,18475,18475,-1001213290552,-1001213290552,,1,1,,,2026-06-29T10:05:09+00:00,CAREER_JOB_POST,RETAIN_CONTEXT_ONLY,AGGREGATE_ONLY,job_or_career_post_not_material;job_or_event_single_source_not_material,LOW,NONE,0.820,job_event_marker,,,,99,false,false,false,"Отделяем зерна от плевел: где нам нужны нейросети, а где автоматизация? Вебинар посвящен результатам исследования применения ИИ в оценке персонала, которое проводилось с декабря 2025 по февраль 2026 года. Эксперты проанализируют опыт крупных компаний в выстраивании HR-процессов, "
msg-07526,snapshot-2e5c3804a503,17678,17678,-1001594483330,-1001594483330,,11429,11429,Резюме,,2026-06-29T08:37:43+00:00,CAREER_JOB_POST,RETAIN_CONTEXT_ONLY,AGGREGATE_ONLY,job_or_career_post_not_material;job_or_event_single_source_not_material,LOW,NONE,0.820,job_event_marker,,,,17,false,false,false,"Привет, поправил, возраст пока не менял, мне главное понять, правильно ли по структуре составлено резюме и по наполнению?"
msg-07904,snapshot-2e5c3804a503,17286,17286,-1001594483330,-1001594483330,,60911,60911,"Мемы, резюмируем",,2026-06-29T07:05:36+00:00,CAREER_JOB_POST,RETAIN_CONTEXT_ONLY,AGGREGATE_ONLY,job_or_career_post_not_material;job_or_event_single_source_not_material,LOW,NONE,0.820,job_event_marker,,,,10,false,false,false,Для такого уникума зп маловата. Но как хук цепляющий hr может сработать :)
msg-08392,snapshot-2e5c3804a503,16436,16436,-1001750348316,-1001750348316,,533271150592,533271150592,,,2026-06-28T19:54:47+00:00,CAREER_JOB_POST,RETAIN_CONTEXT_ONLY,AGGREGATE_ONLY,job_or_career_post_not_material;job_or_event_single_source_not_material,LOW,NONE,0.820,job_event_marker,,,,31,false,false,false,"Всем привет, задавал ранее вопрос, мож подскажет кто, есть где ссылка ответы на вопросы, которые часто встречаются в hh вакансиях и/или от hr, могли бы пожалуйста поделиться. У бота спрашивал, ниче норм не выдал"
msg-08518,snapshot-2e5c3804a503,16393,16393,-1001594483330,-1001594483330,,1,1,Флуд,,2026-06-28T17:19:47+00:00,CAREER_JOB_POST,RETAIN_CONTEXT_ONLY,AGGREGATE_ONLY,job_or_career_post_not_material;job_or_event_single_source_not_material,LOW,NONE,0.820,job_event_marker,,,,60,false,false,false,"базовый минимум попадать в фильтр ""3-6 лет"" но чтобы попадать на скрининги нужно также: 1) не отлетать от AI-фильтров из-за неправильных формулировок даже по хорошим достижениям 2) не словить массовый отказ всем кого не посмотрела HR ниже 10-20 позиции в списке откликов (быть выш"
msg-08530,snapshot-2e5c3804a503,16392,16392,-1001594483330,-1001594483330,,1,1,Флуд,,2026-06-28T16:44:53+00:00,CAREER_JOB_POST,RETAIN_CONTEXT_ONLY,AGGREGATE_ONLY,job_or_career_post_not_material;job_or_event_single_source_not_material,LOW,NONE,0.820,job_event_marker,,,,16,false,false,false,"Ребят, а сколько нужно опыта в резюме, чтобы получить несколько скринингов и собеседований? С двумя годами дело вообще не идет"
msg-08739,snapshot-2e5c3804a503,16404,16404,-1001213290552,-1001213290552,,8681,8681,,,2026-06-28T13:44:53+00:00,CAREER_JOB_POST,RETAIN_CONTEXT_ONLY,AGGREGATE_ONLY,job_or_career_post_not_material;job_or_event_single_source_not_material,LOW,NONE,0.820,job_event_marker,,,,96,false,false,false,"Дизайнер в отдел СММ RC Books #гибрид #СанктПетербург #вакансия RC Books — издательский проект «Клуба Романтики». Подробности: • Полная занятость, гибридный рабочий график 5/2 (офис в Санкт-Петербурге) • Оформление по ТК РФ Задачи: • Создание визуального контента для ежедневных п"
msg-08815,snapshot-2e5c3804a503,16300,16300,-1001758943128,-1001758943128,,1376841105408,1376841105408,,,2026-06-28T12:08:09+00:00,CAREER_JOB_POST,RETAIN_CONTEXT_ONLY,AGGREGATE_ONLY,job_or_career_post_not_material;job_or_event_single_source_not_material,LOW,NONE,0.820,job_event_marker,,,,6,false,false,false,Бакалавриат в моем случае хороший буст в резюме
msg-08882,snapshot-2e5c3804a503,16232,16232,-1001594483330,-1001594483330,,11429,11429,Резюме,,2026-06-28T11:57:44+00:00,CAREER_JOB_POST,RETAIN_CONTEXT_ONLY,AGGREGATE_ONLY,job_or_career_post_not_material;job_or_event_single_source_not_material,LOW,NONE,0.820,job_event_marker,,,,21,false,false,false,"Добрый день. Оцените, пожалуйста, резюме. Также, может, кто-то знает, какая сейчас примерно конверсия на позицию Python Backend с опытом 3 года считается нормальной?"
msg-09020,snapshot-2e5c3804a503,16080,16080,-1001213290552,-1001213290552,,1,1,,,2026-06-28T11:18:01+00:00,CAREER_JOB_POST,RETAIN_CONTEXT_ONLY,AGGREGATE_ONLY,job_or_career_post_not_material;job_or_event_single_source_not_material,LOW,NONE,0.820,job_event_marker,,,HRBP,129,false,false,false,"Сильная команда начинается с руководителя На форуме обсудят, почему специалисты выбирают определенные компании и задерживаются в них, а из других увольняются даже при более высоких предложениях. Эксперты разберут, как руководителю перестать быть «узким горлышком» в процессах и ст"
msg-09024,snapshot-2e5c3804a503,16076,16076,-1001213290552,-1001213290552,,1,1,,,2026-06-28T11:17:02+00:00,CAREER_JOB_POST,RETAIN_CONTEXT_ONLY,AGGREGATE_ONLY,job_or_career_post_not_material;job_or_event_single_source_not_material,LOW,NONE,0.820,job_event_marker,,,,99,false,false,false,"Отделяем зерна от плевел: где нам нужны нейросети, а где автоматизация? Вебинар посвящен результатам исследования применения ИИ в оценке персонала, которое проводилось с декабря 2025 по февраль 2026 года. Эксперты проанализируют опыт крупных компаний в выстраивании HR-процессов, "
msg-09025,snapshot-2e5c3804a503,16075,16075,-1001213290552,-1001213290552,,1,1,,,2026-06-28T11:17:01+00:00,EVENT_ANNOUNCEMENT,RETAIN_CONTEXT_ONLY,AGGREGATE_ONLY,event_or_meetup_announcement_not_material;job_or_event_single_source_not_material,LOW,NONE,0.800,job_event_marker,,,,125,false,false,false,"Как исследования и нейросети решают главные проблемы сегментации аудитории Вебинар ориентирован на владельцев бизнеса, маркетологов, бренд- и продуктовые команды. Участники узнают, почему сегментация часто не приносит результата, какие ошибки допускают компании при работе с аудит"
msg-09026,snapshot-2e5c3804a503,16074,16074,-1001213290552,-1001213290552,,1,1,,,2026-06-28T11:17:01+00:00,CAREER_JOB_POST,RETAIN_CONTEXT_ONLY,AGGREGATE_ONLY,job_or_career_post_not_material;job_or_event_single_source_not_material,LOW,NONE,0.820,job_event_marker,,,"DEPOT,KANZLER",90,false,false,false,"Summer AI Conf: ИИ-конференция по работе с визуальным контентом Конференция посвящена реальным кейсам внедрения нейросетей в дизайн, маркетинг и бизнес-процессы. Участники узнают, как оптимизировать производство контента и сократить сроки его создания с недели до одного дня, а та"
msg-09030,snapshot-2e5c3804a503,16060,16060,-1001213290552,-1001213290552,,1,1,,,2026-06-28T11:16:01+00:00,EVENT_ANNOUNCEMENT,RETAIN_CONTEXT_ONLY,AGGREGATE_ONLY,event_or_meetup_announcement_not_material;job_or_event_single_source_not_material,LOW,NONE,0.800,job_event_marker,,,,127,false,false,false,ewbusinessclub.timepad.ru Старый покупатель закончился: что показывают данные и где поможет AI / События на TimePad.ru Открытый онлайн-вебинар от EcomWeekend Club Старый покупатель закончился: что показывают данные и где поможет AI Онлайн-вебинар от EcomWeekend Club посвящен поис
msg-09069,snapshot-2e5c3804a503,16013,16013,-1001594483330,-1001594483330,,11582,11582,Накрутка опыта,,2026-06-28T10:12:55+00:00,CAREER_JOB_POST,RETAIN_CONTEXT_ONLY,AGGREGATE_ONLY,job_or_career_post_not_material;job_or_event_single_source_not_material,LOW,NONE,0.820,job_event_marker,,,,24,false,false,false,"Да, рекрутеры могут видеть историю изменений. Номинально заявляется что они могут сравнивать только версии резюме которыми к ним откликались, но есть серьезные подозрения что они видят все подряд, даже скрытое"
msg-09071,snapshot-2e5c3804a503,16012,16012,-1001594483330,-1001594483330,,11582,11582,Накрутка опыта,,2026-06-28T10:11:41+00:00,CAREER_JOB_POST,RETAIN_CONTEXT_ONLY,AGGREGATE_ONLY,job_or_career_post_not_material;job_or_event_single_source_not_material,LOW,NONE,0.820,job_event_marker,,,,8,false,false,false,а рекрутеры могут видеть историю изминений резюме или я не так понял?
msg-10015,snapshot-2e5c3804a503,14772,14772,-1001594483330,-1001594483330,,1,1,Флуд,,2026-06-27T20:47:40+00:00,CAREER_JOB_POST,RETAIN_CONTEXT_ONLY,AGGREGATE_ONLY,job_or_career_post_not_material;job_or_event_single_source_not_material,LOW,NONE,0.820,job_event_marker,,,,27,false,false,false,"Всем привет, подскажите пожалуйста, есть ссылка на ответы на вопросы от HR и на вопросы вакансии из HH. В боте искал, ниче попутного не выдало. Мож есть у кого че"
msg-10941,snapshot-2e5c3804a503,13805,13805,-1001594483330,-1001594483330,,11582,11582,Накрутка опыта,,2026-06-27T19:21:40+00:00,CAREER_JOB_POST,RETAIN_CONTEXT_ONLY,AGGREGATE_ONLY,job_or_career_post_not_material;job_or_event_single_source_not_material,LOW,NONE,0.820,job_event_marker,,,,67,false,false,false,"Если номер телефона одинаковый но он скрыт, то все равно резюме будут объединяться в одно с историей изменений По одинаковому телеграму в официально афишируемых документациях на ATS информации нет, но возможно есть/будут какие-то непубличные алгоритмы объединения Рекомендуется вс"
msg-10986,snapshot-2e5c3804a503,13757,13757,-1001594483330,-1001594483330,,11582,11582,Накрутка опыта,,2026-06-27T19:06:23+00:00,CAREER_JOB_POST,RETAIN_CONTEXT_ONLY,AGGREGATE_ONLY,job_or_career_post_not_material;job_or_event_single_source_not_material,LOW,NONE,0.820,job_event_marker,,,,18,false,false,false,"Всем привет! Подскажите, если использовать один и тот же телеграмм аккаунт для разных резюме (в разное время, но поменять ник) - это как-то трекается?"
msg-11044,snapshot-2e5c3804a503,13605,13605,-1001594483330,-1001594483330,,11582,11582,Накрутка опыта,,2026-06-27T17:11:09+00:00,CAREER_JOB_POST,RETAIN_CONTEXT_ONLY,AGGREGATE_ONLY,job_or_career_post_not_material;job_or_event_single_source_not_material,LOW,NONE,0.820,job_event_marker,,,,148,false,false,false,"Если кратко то СБ везде разное, в бигтехах есть отдельное подразделение, а в некоторых компаниях сама HR для галочки пару пунктов пробивает. Чаще встречается отдельное подразделение, им пофиг на накрутку но важно чтобы ты не был потенциальной угрозой для данных компании и т.д. по"
msg-11045,snapshot-2e5c3804a503,13604,13604,-1001594483330,-1001594483330,,11582,11582,Накрутка опыта,,2026-06-27T16:41:07+00:00,CAREER_JOB_POST,RETAIN_CONTEXT_ONLY,AGGREGATE_ONLY,job_or_career_post_not_material;job_or_event_single_source_not_material,LOW,NONE,0.820,job_event_marker,,,,51,false,false,false,"Добрый вечер. Смотрел видео назара про обход АТС и сб - ну там ноль про сб. Вот только закончил смотреть. Искал по ключевым словам но не особо разобрался , в общем последний вариант уже написать по факту. В анкету сб что писать то, реальные данные или с резюме ? И что это за инте"
msg-11123,snapshot-2e5c3804a503,13603,13603,-1001594483330,-1001594483330,,1,1,Флуд,,2026-06-27T12:24:32+00:00,CAREER_JOB_POST,RETAIN_CONTEXT_ONLY,AGGREGATE_ONLY,job_or_career_post_not_material;job_or_event_single_source_not_material,LOW,NONE,0.820,job_event_marker,,,,41,false,false,false,"Ребят, есть инфа у кого-нибудь Какие сервисы подойдут для покупки европейского номера для Linkedin и HR из Европы? Просто по идее они должны связываться в WhatsApp по номеру, а РФ номер не подойдёт для таких сценариев - не оч для них будет выглядить Где вы покупали номер и есть л"
msg-11135,snapshot-2e5c3804a503,13602,13602,-1001594483330,-1001594483330,,11429,11429,Резюме,,2026-06-27T11:39:32+00:00,CAREER_JOB_POST,RETAIN_CONTEXT_ONLY,AGGREGATE_ONLY,job_or_career_post_not_material;job_or_event_single_source_not_material,LOW,NONE,0.820,job_event_marker,,,,38,false,false,false,"Добрый день, подскажите, насколько обращают внимание hr на непрофильное образование, если реального опыта уже 7 лет? Для HH лучше указывать в этом плане всю инфу (Высшее + название вуза полное + факультет + специальность) или же сократить информацию максимально до Высшее + сокращ"
msg-11343,snapshot-2e5c3804a503,13380,13380,-1001594483330,-1001594483330,,1,1,Флуд,,2026-06-27T11:09:12+00:00,CAREER_JOB_POST,RETAIN_CONTEXT_ONLY,AGGREGATE_ONLY,job_or_career_post_not_material;job_or_event_single_source_not_material,LOW,NONE,0.820,job_event_marker,,,,33,false,false,false,"Про 200 откликов в день звучит жестко, но по ощущениям это правда ближе к воронке продаж, чем к «нашел идеальную вакансию и красиво написал». Я бы только с копией резюме не увлекался без трекинга, иначе потом вообще непонятно, что именно сработало."
msg-11366,snapshot-2e5c3804a503,13357,13357,-1001594483330,-1001594483330,,11429,11429,Резюме,,2026-06-27T11:04:04+00:00,CAREER_JOB_POST,RETAIN_CONTEXT_ONLY,AGGREGATE_ONLY,job_or_career_post_not_material;job_or_event_single_source_not_material,LOW,NONE,0.820,job_event_marker,,,,65,false,false,false,"Народ, задам вероятно тупой вопрос, но лично для меня он почему-то оказался нетривиальным. Антон неоднократно говорил, что нужно делать по 200 откликов в день, что в целом для трудоустройства их может быть не одна тысяча и т.д. Так вот хотелось бы прояснить этот момент. Имело вви"
msg-11403,snapshot-2e5c3804a503,13319,13319,-1001213290552,-1001213290552,,1,1,,,2026-06-27T10:58:21+00:00,EVENT_ANNOUNCEMENT,RETAIN_CONTEXT_ONLY,AGGREGATE_ONLY,event_or_meetup_announcement_not_material;job_or_event_single_source_not_material,LOW,NONE,0.800,job_event_marker,,,VIII,118,false,false,false,"«Маркетинг креативных брендов: мировые практики и их применение на российском рынке» Вебинар посвящен современным подходам к продвижению брендов в креативном секторе. Участники рассмотрят изменения в стратегии развития брендов и актуальные глобальные тренды. Эксперт разберет, как"
msg-13199,snapshot-2e5c3804a503,11331,11331,-1002165514145,-1002165514145,,766573019136,766573019136,,,2026-06-27T02:12:35+00:00,EVENT_ANNOUNCEMENT,RETAIN_CONTEXT_ONLY,AGGREGATE_ONLY,event_or_meetup_announcement_not_material;job_or_event_single_source_not_material,LOW,NONE,0.800,job_event_marker,,,,6,false,false,false,"сам туда иди, маршрут вроде выучил."
msg-14819,snapshot-2e5c3804a503,9562,9562,-1003980547389,-1003980547389,,2738880512,2738880512,,,2026-06-26T20:17:55+00:00,CAREER_JOB_POST,RETAIN_CONTEXT_ONLY,AGGREGATE_ONLY,job_or_career_post_not_material;job_or_event_single_source_not_material,LOW,NONE,0.820,job_event_marker,,,,3,false,false,false,Так а если ищем Артёма какого-то
msg-15552,snapshot-2e5c3804a503,8783,8783,-1003980547389,-1003980547389,,2506096640,2506096640,,,2026-06-26T19:41:42+00:00,CAREER_JOB_POST,RETAIN_CONTEXT_ONLY,AGGREGATE_ONLY,job_or_career_post_not_material;job_or_event_single_source_not_material,LOW,NONE,0.820,job_event_marker,,,,2,false,false,false,А что щас ищем ?
msg-15888,snapshot-2e5c3804a503,8368,8368,-1001594483330,-1001594483330,,11582,11582,Накрутка опыта,,2026-06-26T16:30:56+00:00,CAREER_JOB_POST,RETAIN_CONTEXT_ONLY,AGGREGATE_ONLY,job_or_career_post_not_material;job_or_event_single_source_not_material,LOW,NONE,0.820,job_event_marker,,,,63,false,false,false,"Ребят, видел вопрос выше про фейк опыт гпх и трудовой. Вопрос, если hrка сразу просит подтвердить опыт до собеса, я планирую скинуть фейк трудовую, а после собеса скинуть оригинал трудовой. Стоит ли замазывать имя и фамилию на скинутых доках до собеса? Проверка происходит по скин"
msg-15900,snapshot-2e5c3804a503,8407,8407,-1001738612591,-1001738612591,,,,,,2026-06-26T14:11:06+00:00,CAREER_JOB_POST,RETAIN_CONTEXT_ONLY,AGGREGATE_ONLY,job_or_career_post_not_material;job_or_event_single_source_not_material,LOW,NONE,0.820,job_event_marker,youtube.com,,,12,true,false,false,Мы уже в эфире прожариваем скрининги HR и валютные и обычные https://youtube.com/live/UKTU4L_ZFqU?feature=share
msg-15931,snapshot-2e5c3804a503,8366,8366,-1001594483330,-1001594483330,,1,1,Флуд,,2026-06-26T13:16:58+00:00,CAREER_JOB_POST,RETAIN_CONTEXT_ONLY,AGGREGATE_ONLY,job_or_career_post_not_material;job_or_event_single_source_not_material,LOW,NONE,0.820,job_event_marker,,,,75,false,false,false,"количество откликов и сопроводительных/сообщений в чате влияет на поднятие резюме в выдаче но недолгосрочно, так что лучше это делать в районе 9:00 и 12:00 в будни вопрос ""в пятницу или подождать середины недели"" в корне неверный, отклики нужно делать каждый день по 200 штук и не"
msg-16328,snapshot-2e5c3804a503,7822,7822,-1001594483330,-1001594483330,,11429,11429,Резюме,,2026-06-26T11:35:12+00:00,CAREER_JOB_POST,RETAIN_CONTEXT_ONLY,AGGREGATE_ONLY,job_or_career_post_not_material;job_or_event_single_source_not_material,LOW,NONE,0.820,job_event_marker,,,,7,false,false,false,Так-то гпт лучше резюме на англ поймет
msg-16330,snapshot-2e5c3804a503,7820,7820,-1001594483330,-1001594483330,,11429,11429,Резюме,,2026-06-26T11:31:37+00:00,CAREER_JOB_POST,RETAIN_CONTEXT_ONLY,AGGREGATE_ONLY,job_or_career_post_not_material;job_or_event_single_source_not_material,LOW,NONE,0.820,job_event_marker,,,,7,false,false,false,а в чем суть английского резюме на ру рынок
msg-16339,snapshot-2e5c3804a503,7819,7819,-1001594483330,-1001594483330,,11429,11429,Резюме,,2026-06-26T11:21:54+00:00,CAREER_JOB_POST,RETAIN_CONTEXT_ONLY,AGGREGATE_ONLY,job_or_career_post_not_material;job_or_event_single_source_not_material,LOW,NONE,0.820,job_event_marker,,,,39,false,false,false,"Всем привет, меня зовут Илья, ищу работу на позицию middle+/senior ios, в целом позиция не так важна как зп (хотелось бы 300к+ на руки) рассматриваю российский рынок. Опыт в резюме реальный (с небольшими добавками по срокам). Прошу дать оценку резюме, необходимые исправления. #io"
msg-16380,snapshot-2e5c3804a503,7979,7979,-1001213290552,-1001213290552,,8681,8681,,,2026-06-26T10:25:35+00:00,CAREER_JOB_POST,RETAIN_CONTEXT_ONLY,AGGREGATE_ONLY,job_or_career_post_not_material;job_or_event_single_source_not_material,LOW,NONE,0.820,job_event_marker,,,,238,false,false,false,"Project manager / Content producer (commercial & e-commerce) #гибрид #Москва #вакансия Мы создаем премиальный контент для бизнеса: от строительных гигантов до fashion-брендов. Ищем продюсера-организатора, который берет на себя ответственность за визуал, выполнение целей клиента п"
msg-16381,snapshot-2e5c3804a503,7978,7978,-1001213290552,-1001213290552,,8681,8681,,,2026-06-26T10:25:25+00:00,CAREER_JOB_POST,RETAIN_CONTEXT_ONLY,AGGREGATE_ONLY,job_or_career_post_not_material;job_or_event_single_source_not_material,LOW,NONE,0.820,job_event_marker,,,"GROUP,PROGRESSION",78,false,false,false,"Senior Старший креатор | PROGRESSION GROUP #гибрид #Москва #вакансия PROGRESSION GROUP — коммуникационное агентство полного цикла с 30-летней историей. Подробности: • Гибридный формат работы. • Москва, м. Кропоткинская. Задачи: • Создавать креативные проекты в направлениях BTL, D"
msg-16441,snapshot-2e5c3804a503,7816,7816,-1001594483330,-1001594483330,,11429,11429,Резюме,,2026-06-26T09:35:21+00:00,CAREER_JOB_POST,RETAIN_CONTEXT_ONLY,AGGREGATE_ONLY,job_or_career_post_not_material;job_or_event_single_source_not_material,LOW,NONE,0.820,job_event_marker,2r.ru,,,42,true,false,false,"Навыки нужно указать исключительно 30 самых частых по специальности из бота @om_assistant_robot (ввести ""/start"", выбрать ""Топ навыков и резюме"", потом свою специальность) или с сайта https://2r.ru/top-skills-and-resumes . Если в боте специальности нет, то самому провести исследо"
msg-16450,snapshot-2e5c3804a503,7806,7806,-1001213290552,-1001213290552,,1,1,,,2026-06-26T09:28:03+00:00,EVENT_ANNOUNCEMENT,RETAIN_CONTEXT_ONLY,AGGREGATE_ONLY,event_or_meetup_announcement_not_material;job_or_event_single_source_not_material,LOW,NONE,0.800,job_event_marker,,,,119,false,false,false,"Вовремя или никогда: как брендам работать с трендами и не выглядеть чужими Тренды меняются ежедневно, но не все бренды успевают использовать их эффективно. На вебинаре разберем, почему одни компании успешно внедряют ситуативный маркетинг, а другие остаются за бортом актуальной по"
msg-16452,snapshot-2e5c3804a503,7805,7805,-1001213290552,-1001213290552,,1,1,,,2026-06-26T09:26:57+00:00,EVENT_ANNOUNCEMENT,RETAIN_CONTEXT_ONLY,AGGREGATE_ONLY,event_or_meetup_announcement_not_material;job_or_event_single_source_not_material,LOW,NONE,0.800,job_event_marker,,,,106,false,false,false,"Как выстроить систему конверсии в B2B SaaS В B2B SaaS путь клиента стал значительно сложнее. Пользователи изучают не только лендинг, но и отзывы, кейсы, контекст, демоверсии, а также оценивают скорость взаимодействия с командой. Успешный рост сегодня зависит не от количества лидо"
msg-16455,snapshot-2e5c3804a503,7804,7804,-1001213290552,-1001213290552,,1,1,,,2026-06-26T09:22:29+00:00,EVENT_ANNOUNCEMENT,RETAIN_CONTEXT_ONLY,AGGREGATE_ONLY,event_or_meetup_announcement_not_material;job_or_event_single_source_not_material,LOW,NONE,0.800,job_event_marker,,,,123,false,false,false,Phygital+: летняя серия отраслевых вебинаров Команда Phygital+ запускает серию отраслевых онлайн-мероприятий. Первый вебинар посвящен трансформации брендинга и производственных процессов под влиянием нейросетей. Партнеры из брендингового агентства Depot и образовательной школы ma
msg-16456,snapshot-2e5c3804a503,7803,7803,-1001213290552,-1001213290552,,1,1,,,2026-06-26T09:21:15+00:00,CAREER_JOB_POST,RETAIN_CONTEXT_ONLY,AGGREGATE_ONLY,job_or_career_post_not_material;job_or_event_single_source_not_material,LOW,NONE,0.820,job_event_marker,,,AIPL,99,false,false,false,"«HR будущего: автоматизация и ИИ в управлении персоналом» Работа HR-специалиста часто ограничена рутинными задачами, на которые уходит до 70% рабочего времени. На вебинаре от Нетологии разберут, как изменить эту ситуацию и внедрить искусственный интеллект в рабочие процессы. Учас"
msg-16465,snapshot-2e5c3804a503,7815,7815,-1001594483330,-1001594483330,,11429,11429,Резюме,,2026-06-26T09:14:04+00:00,CAREER_JOB_POST,RETAIN_CONTEXT_ONLY,AGGREGATE_ONLY,job_or_career_post_not_material;job_or_event_single_source_not_material,LOW,NONE,0.820,job_event_marker,,,,8,false,false,false,"слушай, а навыки все добавлять из резюме? или только те, что популярные"
msg-16481,snapshot-2e5c3804a503,7785,7785,-1001594483330,-1001594483330,,11429,11429,Резюме,,2026-06-26T09:11:53+00:00,CAREER_JOB_POST,RETAIN_CONTEXT_ONLY,AGGREGATE_ONLY,job_or_career_post_not_material;job_or_event_single_source_not_material,LOW,NONE,0.820,job_event_marker,,,,7,false,false,false,почитай отзывы Alexander Fisenko на другие резюме
msg-16495,snapshot-2e5c3804a503,7774,7774,-1001213290552,-1001213290552,,1,1,,,2026-06-26T09:10:56+00:00,EVENT_ANNOUNCEMENT,RETAIN_CONTEXT_ONLY,AGGREGATE_ONLY,event_or_meetup_announcement_not_material;job_or_event_single_source_not_material,LOW,NONE,0.800,job_event_marker,,,,175,false,false,false,"Антикризисное управление: «как понять, где бизнес теряет деньги» — практический онлайн-вебинар для собственников и предпринимателей. Многие предприниматели сталкиваются с ситуацией, когда бизнес активно работает, есть клиенты, продажи и команда, но свободных денег становится всё "
msg-16878,snapshot-2e5c3804a503,7362,7362,-1001213290552,-1001213290552,,3710,3710,,,2026-06-26T08:10:40+00:00,CAREER_JOB_POST,RETAIN_CONTEXT_ONLY,AGGREGATE_ONLY,job_or_career_post_not_material;job_or_event_single_source_not_material,LOW,NONE,0.820,job_event_marker,"t.me,transkrib.su",,,63,true,false,false,"Ищем пользователей для теста Transkrib SmartCut AI. Это сервис для тех, кто работает с видео: вебинары, интервью, эфиры, лекции, YouTube/VK/TikTok/Telegram-контент. Transkrib помогает: — сделать транскрипт; — получить краткое содержание; — подготовить субтитры; — найти основу для"
msg-16881,snapshot-2e5c3804a503,7358,7358,-1001213290552,-1001213290552,,5488,5488,,,2026-06-26T08:10:03+00:00,CAREER_JOB_POST,RETAIN_CONTEXT_ONLY,AGGREGATE_ONLY,job_or_career_post_not_material;job_or_event_single_source_not_material,LOW,NONE,0.820,job_event_marker,"t.me,transkrib.su",,,63,true,false,false,"Ищем пользователей для теста Transkrib SmartCut AI. Это сервис для тех, кто работает с видео: вебинары, интервью, эфиры, лекции, YouTube/VK/TikTok/Telegram-контент. Transkrib помогает: — сделать транскрипт; — получить краткое содержание; — подготовить субтитры; — найти основу для"
msg-16884,snapshot-2e5c3804a503,7356,7356,-1001213290552,-1001213290552,,3753,3753,,,2026-06-26T08:09:30+00:00,CAREER_JOB_POST,RETAIN_CONTEXT_ONLY,AGGREGATE_ONLY,job_or_career_post_not_material;job_or_event_single_source_not_material,LOW,NONE,0.820,job_event_marker,"t.me,transkrib.su",,,63,true,false,false,"Ищем пользователей для теста Transkrib SmartCut AI. Это сервис для тех, кто работает с видео: вебинары, интервью, эфиры, лекции, YouTube/VK/TikTok/Telegram-контент. Transkrib помогает: — сделать транскрипт; — получить краткое содержание; — подготовить субтитры; — найти основу для"
msg-17015,snapshot-2e5c3804a503,7220,7220,-1001750348316,-1001750348316,,533152661504,533152661504,,,2026-06-26T07:51:55+00:00,CAREER_JOB_POST,RETAIN_CONTEXT_ONLY,AGGREGATE_ONLY,job_or_career_post_not_material;job_or_event_single_source_not_material,LOW,NONE,0.820,job_event_marker,,,,6,false,false,false,Первый спроси у hr паспортные данные и адрес
msg-17019,snapshot-2e5c3804a503,7215,7215,-1001750348316,-1001750348316,,533152661504,533152661504,,,2026-06-26T07:51:18+00:00,CAREER_JOB_POST,RETAIN_CONTEXT_ONLY,AGGREGATE_ONLY,job_or_career_post_not_material;job_or_event_single_source_not_material,LOW,NONE,0.820,job_event_marker,,,,14,false,false,false,"Скажи что с нейронкой заполнял резюме, стек твой а фамилию он как то неправильно из старого контекста подцепил"
msg-17046,snapshot-2e5c3804a503,7185,7185,-1001750348316,-1001750348316,,533152661504,533152661504,,,2026-06-26T07:45:13+00:00,CAREER_JOB_POST,RETAIN_CONTEXT_ONLY,AGGREGATE_ONLY,job_or_career_post_not_material;job_or_event_single_source_not_material,LOW,NONE,0.820,job_event_marker,,,,14,false,false,false,"А фейк фамилия в резюме это очень красный флаг? Сделали оффер, теперь просят отправить полное ФИО для оформления"
msg-17317,snapshot-2e5c3804a503,6903,6903,-1001676121122,-1001676121122,,58143539200,58143539200,,,2026-06-26T07:04:14+00:00,CAREER_JOB_POST,RETAIN_CONTEXT_ONLY,AGGREGATE_ONLY,job_or_career_post_not_material;job_or_event_single_source_not_material,LOW,NONE,0.820,job_event_marker,,,,16,false,false,false,"Понял, спасибо большое за такой подробный ответ! А что значит второе резюме - то же самое резюме, просто копия или как?"
msg-17358,snapshot-2e5c3804a503,6861,6861,-1001676121122,-1001676121122,,58143539200,58143539200,,,2026-06-26T06:58:01+00:00,CAREER_JOB_POST,RETAIN_CONTEXT_ONLY,AGGREGATE_ONLY,job_or_career_post_not_material;job_or_event_single_source_not_material,LOW,NONE,0.820,job_event_marker,,,,131,false,false,false,"Актуального гайда никто не даст, актуальность постоянно меняется, плюс гарантированности советов нет ни у кого кроме разрабов hh. В целом такие вопросы часто обсуждаются в чате ОМ: Резюме Если кратко: 1) Для поднятия резюме в топе: как можно больше писать в чате (в том числе сопр"
msg-17499,snapshot-2e5c3804a503,6716,6716,-1001676121122,-1001676121122,,58143539200,58143539200,,,2026-06-26T06:44:53+00:00,CAREER_JOB_POST,RETAIN_CONTEXT_ONLY,AGGREGATE_ONLY,job_or_career_post_not_material;job_or_event_single_source_not_material,LOW,NONE,0.820,job_event_marker,,,,49,false,false,false,"Всем привет! Может кто-нибудь, пожалуйста, подсказать актуальный гайд по поднятию резюме в топ выдачи на hh.ru (с целью прохождения ai-фильтров)? Слышал сам про такое (как пример): 1) что если по твоей специальности закончились вакансии, то можно откликаться в другой, чтобы держа"
msg-17771,snapshot-2e5c3804a503,6416,6416,-1001750348316,-1001750348316,,533149515776,533149515776,,,2026-06-26T03:34:28+00:00,CAREER_JOB_POST,RETAIN_CONTEXT_ONLY,AGGREGATE_ONLY,job_or_career_post_not_material;job_or_event_single_source_not_material,LOW,NONE,0.820,job_event_marker,,,,41,false,false,false,"Граждане, доброго дня! Подскажите, а где-нибудь была информация про то, как крутить опыт для валютной удалёнки? За бугром же в 99% случаев пользуются LinkedIn, а в нём можно связаться с HR-ом компании, в которой ты якобы работал, как нехер делать. А если у твоей компании нет проф"
msg-18913,snapshot-2e5c3804a503,4963,4963,879651693,879651693,,,,,,2026-06-25T15:15:09+00:00,CAREER_JOB_POST,RETAIN_CONTEXT_ONLY,AGGREGATE_ONLY,job_or_career_post_not_material;job_or_event_single_source_not_material,LOW,NONE,0.820,job_event_marker,,,,4,false,false,false,вот мы и ищем падлюгу)
msg-18949,snapshot-2e5c3804a503,4923,4923,879651693,879651693,,,,,,2026-06-25T15:11:40+00:00,CAREER_JOB_POST,RETAIN_CONTEXT_ONLY,AGGREGATE_ONLY,job_or_career_post_not_material;job_or_event_single_source_not_material,LOW,NONE,0.820,job_event_marker,,,,19,false,false,false,"у нас группа где мы ищем инфу на утюга, пока много зацепок, проверяем разные гипотезы, но ничего пока прорывного нет"
msg-19062,snapshot-2e5c3804a503,4756,4756,-1002922797592,-1002922797592,,3002,3002,Поиск исполнителей и заказов,,2026-06-25T14:39:38+00:00,CAREER_JOB_POST,RETAIN_CONTEXT_ONLY,AGGREGATE_ONLY,job_or_career_post_not_material;job_or_event_single_source_not_material,LOW,NONE,0.820,job_event_marker,,claude,,59,false,false,false,"Новая вакансия 💚 Откликнуться: @DNL_Founder 1. Описание задачи: Ищем вайб-кодеров в команду WellWon Studio. Есть проекты и клиенты — нужны исполнители которые умеют делать рабочий продукт с AI-инструментами: Cursor, Claude и подобными. Удалённо или в офисе в Петербурге. 2. ТЗ и м"
msg-19102,snapshot-2e5c3804a503,4701,4701,-1001750589044,-1001750589044,,71733084160,71733084160,,,2026-06-25T14:28:43+00:00,EVENT_ANNOUNCEMENT,RETAIN_CONTEXT_ONLY,AGGREGATE_ONLY,event_or_meetup_announcement_not_material;job_or_event_single_source_not_material,LOW,NONE,0.800,job_event_marker,forms.gle,,,41,true,false,false,"Сбор докладов на Профсоюзную 2.0 Если вы считаете себя экспертом в какой-то теме или имеете интересный практический опыт, закидывайте заявку на доклад. Это возможность поработать с докладом с личным ведением от Антона Назарова, выступить перед 600+ айтишников, покачать личный бре"
msg-19380,snapshot-2e5c3804a503,4396,4396,8950172320,8950172320,,,,,,2026-06-25T12:51:27+00:00,CAREER_JOB_POST,RETAIN_CONTEXT_ONLY,AGGREGATE_ONLY,job_or_career_post_not_material;job_or_event_single_source_not_material,LOW,NONE,0.820,job_event_marker,,,,26,false,false,false,"привет! ты владелец сервера AuroraWorld, ты не знаешь вот этого человека? Он скамнул сообщество на сумму около 150к рублей, вот ищем тварюгу, будем рады любой помощи"
msg-19494,snapshot-2e5c3804a503,4190,4190,-1001594483330,-1001594483330,,11429,11429,Резюме,,2026-06-25T12:04:45+00:00,CAREER_JOB_POST,RETAIN_CONTEXT_ONLY,AGGREGATE_ONLY,job_or_career_post_not_material;job_or_event_single_source_not_material,LOW,NONE,0.820,job_event_marker,,,,13,false,false,false,"Всем привет, можете пожарить резюме Конверсии мало что-то 300 откликов 0 приглашений #Golang #Middle"
msg-19554,snapshot-2e5c3804a503,3967,3967,5188641008,5188641008,,,,,,2026-06-25T11:45:01+00:00,CAREER_JOB_POST,RETAIN_CONTEXT_ONLY,AGGREGATE_ONLY,job_or_career_post_not_material;job_or_event_single_source_not_material,LOW,NONE,0.820,job_event_marker,,,,16,false,false,false,"этот уродец скамнул человек сто, пока его ищем на тебя вышли, щас будем родственников искать и им писать"
msg-19610,snapshot-2e5c3804a503,3894,3894,-1001594483330,-1001594483330,,1,1,Флуд,,2026-06-25T11:36:16+00:00,CAREER_JOB_POST,RETAIN_CONTEXT_ONLY,AGGREGATE_ONLY,job_or_career_post_not_material;job_or_event_single_source_not_material,LOW,NONE,0.820,job_event_marker,,,,53,false,false,false,"Я +- уже упакован, примерные формулировки понимаю и резюме у меня +- норм, HR'ы пишут Рассказ о себе и про предыдущий опыт у меня не структурирован и я больше опираюсь на импровизацию каждый раз Сейчас же прорабатываю все тоже самое только на английском и оперативки в голове не х"
msg-19752,snapshot-2e5c3804a503,3891,3891,-1001738612591,-1001738612591,,,,,,2026-06-25T09:38:37+00:00,CAREER_JOB_POST,RETAIN_CONTEXT_ONLY,AGGREGATE_ONLY,job_or_career_post_not_material;job_or_event_single_source_not_material,LOW,NONE,0.820,job_event_marker,youtube.com,,,23,true,false,false,"Проходим HR скрининги / Что рекрутерки спрашивают в 2026? В пятницу 17:00 будем разбирать реальные скрининги в бигтех и исправлять ошибки кандидатов, которые приводят к отказу https://youtube.com/live/UKTU4L_ZFqU"
