marker_group_id,marker_id,message_count,manual_label,should_reject_safe,should_context_only,should_signal_only,should_needs_enrichment,should_manual_review,should_aggregate_only,should_review_high_recall,notes
short_chatter_marker-001,short_chatter_marker,75,,,,,,,,,
short_chatter_marker-002,short_chatter_marker,75,,,,,,,,,
short_chatter_marker-003,short_chatter_marker,75,,,,,,,,,
short_chatter_marker-004,short_chatter_marker,75,,,,,,,,,
short_chatter_marker-005,short_chatter_marker,75,,,,,,,,,
short_chatter_marker-006,short_chatter_marker,75,,,,,,,,,
short_chatter_marker-007,short_chatter_marker,75,,,,,,,,,
short_chatter_marker-008,short_chatter_marker,75,,,,,,,,,
short_chatter_marker-009,short_chatter_marker,75,,,,,,,,,
short_chatter_marker-010,short_chatter_marker,75,,,,,,,,,
short_chatter_marker-011,short_chatter_marker,75,,,,,,,,,
short_chatter_marker-012,short_chatter_marker,75,,,,,,,,,
short_chatter_marker-013,short_chatter_marker,75,,,,,,,,,
short_chatter_marker-014,short_chatter_marker,75,,,,,,,,,
short_chatter_marker-015,short_chatter_marker,75,,,,,,,,,
short_chatter_marker-016,short_chatter_marker,75,,,,,,,,,
short_chatter_marker-017,short_chatter_marker,75,,,,,,,,,
short_chatter_marker-018,short_chatter_marker,75,,,,,,,,,
short_chatter_marker-019,short_chatter_marker,75,,,,,,,,,
short_chatter_marker-020,short_chatter_marker,75,,,,,,,,,
short_chatter_marker-021,short_chatter_marker,75,,,,,,,,,
short_chatter_marker-022,short_chatter_marker,75,,,,,,,,,
short_chatter_marker-023,short_chatter_marker,75,,,,,,,,,
short_chatter_marker-024,short_chatter_marker,75,,,,,,,,,
short_chatter_marker-025,short_chatter_marker,75,,,,,,,,,
short_chatter_marker-026,short_chatter_marker,75,,,,,,,,,
short_chatter_marker-027,short_chatter_marker,75,,,,,,,,,
short_chatter_marker-028,short_chatter_marker,75,,,,,,,,,
short_chatter_marker-029,short_chatter_marker,75,,,,,,,,,
short_chatter_marker-030,short_chatter_marker,75,,,,,,,,,
short_chatter_marker-031,short_chatter_marker,75,,,,,,,,,
short_chatter_marker-032,short_chatter_marker,75,,,,,,,,,
short_chatter_marker-033,short_chatter_marker,75,,,,,,,,,
short_chatter_marker-034,short_chatter_marker,75,,,,,,,,,
short_chatter_marker-035,short_chatter_marker,75,,,,,,,,,
short_chatter_marker-036,short_chatter_marker,75,,,,,,,,,
short_chatter_marker-037,short_chatter_marker,75,,,,,,,,,
short_chatter_marker-038,short_chatter_marker,75,,,,,,,,,
short_chatter_marker-039,short_chatter_marker,75,,,,,,,,,
short_chatter_marker-040,short_chatter_marker,75,,,,,,,,,
short_chatter_marker-041,short_chatter_marker,75,,,,,,,,,
short_chatter_marker-042,short_chatter_marker,75,,,,,,,,,
short_chatter_marker-043,short_chatter_marker,75,,,,,,,,,
short_chatter_marker-044,short_chatter_marker,75,,,,,,,,,
short_chatter_marker-045,short_chatter_marker,75,,,,,,,,,
short_chatter_marker-046,short_chatter_marker,75,,,,,,,,,
short_chatter_marker-047,short_chatter_marker,75,,,,,,,,,
short_chatter_marker-048,short_chatter_marker,75,,,,,,,,,
short_chatter_marker-049,short_chatter_marker,75,,,,,,,,,
short_chatter_marker-050,short_chatter_marker,75,,,,,,,,,
short_chatter_marker-051,short_chatter_marker,75,,,,,,,,,
short_chatter_marker-052,short_chatter_marker,75,,,,,,,,,
short_chatter_marker-053,short_chatter_marker,75,,,,,,,,,
short_chatter_marker-054,short_chatter_marker,75,,,,,,,,,
short_chatter_marker-055,short_chatter_marker,75,,,,,,,,,
short_chatter_marker-056,short_chatter_marker,75,,,,,,,,,
short_chatter_marker-057,short_chatter_marker,75,,,,,,,,,
short_chatter_marker-058,short_chatter_marker,75,,,,,,,,,
short_chatter_marker-059,short_chatter_marker,75,,,,,,,,,
short_chatter_marker-060,short_chatter_marker,75,,,,,,,,,
short_chatter_marker-061,short_chatter_marker,75,,,,,,,,,
short_chatter_marker-062,short_chatter_marker,75,,,,,,,,,
short_chatter_marker-063,short_chatter_marker,75,,,,,,,,,
short_chatter_marker-064,short_chatter_marker,75,,,,,,,,,
short_chatter_marker-065,short_chatter_marker,75,,,,,,,,,
short_chatter_marker-066,short_chatter_marker,75,,,,,,,,,
short_chatter_marker-067,short_chatter_marker,75,,,,,,,,,
short_chatter_marker-068,short_chatter_marker,75,,,,,,,,,
short_chatter_marker-069,short_chatter_marker,75,,,,,,,,,
short_chatter_marker-070,short_chatter_marker,75,,,,,,,,,
short_chatter_marker-071,short_chatter_marker,75,,,,,,,,,
short_chatter_marker-072,short_chatter_marker,75,,,,,,,,,
short_chatter_marker-073,short_chatter_marker,75,,,,,,,,,
short_chatter_marker-074,short_chatter_marker,75,,,,,,,,,
short_chatter_marker-075,short_chatter_marker,75,,,,,,,,,
short_chatter_marker-076,short_chatter_marker,75,,,,,,,,,
short_chatter_marker-077,short_chatter_marker,75,,,,,,,,,
short_chatter_marker-078,short_chatter_marker,75,,,,,,,,,
short_chatter_marker-079,short_chatter_marker,75,,,,,,,,,
short_chatter_marker-080,short_chatter_marker,75,,,,,,,,,
short_chatter_marker-081,short_chatter_marker,75,,,,,,,,,
short_chatter_marker-082,short_chatter_marker,75,,,,,,,,,
short_chatter_marker-083,short_chatter_marker,75,,,,,,,,,
short_chatter_marker-084,short_chatter_marker,75,,,,,,,,,
short_chatter_marker-085,short_chatter_marker,75,,,,,,,,,
short_chatter_marker-086,short_chatter_marker,75,,,,,,,,,
short_chatter_marker-087,short_chatter_marker,75,,,,,,,,,
short_chatter_marker-088,short_chatter_marker,75,,,,,,,,,
short_chatter_marker-089,short_chatter_marker,75,,,,,,,,,
short_chatter_marker-090,short_chatter_marker,75,,,,,,,,,
short_chatter_marker-091,short_chatter_marker,75,,,,,,,,,
short_chatter_marker-092,short_chatter_marker,75,,,,,,,,,
short_chatter_marker-093,short_chatter_marker,75,,,,,,,,,
short_chatter_marker-094,short_chatter_marker,75,,,,,,,,,
short_chatter_marker-095,short_chatter_marker,75,,,,,,,,,
short_chatter_marker-096,short_chatter_marker,75,,,,,,,,,
short_chatter_marker-097,short_chatter_marker,75,,,,,,,,,
short_chatter_marker-098,short_chatter_marker,75,,,,,,,,,
short_chatter_marker-099,short_chatter_marker,75,,,,,,,,,
short_chatter_marker-100,short_chatter_marker,75,,,,,,,,,
short_chatter_marker-101,short_chatter_marker,75,,,,,,,,,
short_chatter_marker-102,short_chatter_marker,75,,,,,,,,,
short_chatter_marker-103,short_chatter_marker,75,,,,,,,,,
short_chatter_marker-104,short_chatter_marker,75,,,,,,,,,
short_chatter_marker-105,short_chatter_marker,75,,,,,,,,,
short_chatter_marker-106,short_chatter_marker,75,,,,,,,,,
short_chatter_marker-107,short_chatter_marker,75,,,,,,,,,
short_chatter_marker-108,short_chatter_marker,75,,,,,,,,,
short_chatter_marker-109,short_chatter_marker,75,,,,,,,,,
short_chatter_marker-110,short_chatter_marker,75,,,,,,,,,
short_chatter_marker-111,short_chatter_marker,75,,,,,,,,,
short_chatter_marker-112,short_chatter_marker,75,,,,,,,,,
short_chatter_marker-113,short_chatter_marker,75,,,,,,,,,
short_chatter_marker-114,short_chatter_marker,75,,,,,,,,,
short_chatter_marker-115,short_chatter_marker,75,,,,,,,,,
short_chatter_marker-116,short_chatter_marker,75,,,,,,,,,
short_chatter_marker-117,short_chatter_marker,75,,,,,,,,,
short_chatter_marker-118,short_chatter_marker,75,,,,,,,,,
short_chatter_marker-119,short_chatter_marker,75,,,,,,,,,
short_chatter_marker-120,short_chatter_marker,75,,,,,,,,,
short_chatter_marker-121,short_chatter_marker,75,,,,,,,,,
short_chatter_marker-122,short_chatter_marker,75,,,,,,,,,
short_chatter_marker-123,short_chatter_marker,75,,,,,,,,,
short_chatter_marker-124,short_chatter_marker,75,,,,,,,,,
short_chatter_marker-125,short_chatter_marker,75,,,,,,,,,
short_chatter_marker-126,short_chatter_marker,75,,,,,,,,,
short_chatter_marker-127,short_chatter_marker,75,,,,,,,,,
short_chatter_marker-128,short_chatter_marker,75,,,,,,,,,
short_chatter_marker-129,short_chatter_marker,75,,,,,,,,,
short_chatter_marker-130,short_chatter_marker,75,,,,,,,,,
short_chatter_marker-131,short_chatter_marker,75,,,,,,,,,
short_chatter_marker-132,short_chatter_marker,75,,,,,,,,,
short_chatter_marker-133,short_chatter_marker,75,,,,,,,,,
short_chatter_marker-134,short_chatter_marker,75,,,,,,,,,
short_chatter_marker-135,short_chatter_marker,75,,,,,,,,,
short_chatter_marker-136,short_chatter_marker,75,,,,,,,,,
short_chatter_marker-137,short_chatter_marker,75,,,,,,,,,
short_chatter_marker-138,short_chatter_marker,75,,,,,,,,,
short_chatter_marker-139,short_chatter_marker,75,,,,,,,,,
short_chatter_marker-140,short_chatter_marker,75,,,,,,,,,
short_chatter_marker-141,short_chatter_marker,75,,,,,,,,,
short_chatter_marker-142,short_chatter_marker,75,,,,,,,,,
short_chatter_marker-143,short_chatter_marker,75,,,,,,,,,
short_chatter_marker-144,short_chatter_marker,75,,,,,,,,,
short_chatter_marker-145,short_chatter_marker,75,,,,,,,,,
short_chatter_marker-146,short_chatter_marker,75,,,,,,,,,
short_chatter_marker-147,short_chatter_marker,75,,,,,,,,,
short_chatter_marker-148,short_chatter_marker,75,,,,,,,,,
short_chatter_marker-149,short_chatter_marker,75,,,,,,,,,
short_chatter_marker-150,short_chatter_marker,75,,,,,,,,,
short_chatter_marker-151,short_chatter_marker,75,,,,,,,,,
short_chatter_marker-152,short_chatter_marker,75,,,,,,,,,
short_chatter_marker-153,short_chatter_marker,75,,,,,,,,,
short_chatter_marker-154,short_chatter_marker,75,,,,,,,,,
short_chatter_marker-155,short_chatter_marker,75,,,,,,,,,
short_chatter_marker-156,short_chatter_marker,75,,,,,,,,,
short_chatter_marker-157,short_chatter_marker,75,,,,,,,,,
short_chatter_marker-158,short_chatter_marker,75,,,,,,,,,
short_chatter_marker-159,short_chatter_marker,75,,,,,,,,,
short_chatter_marker-160,short_chatter_marker,75,,,,,,,,,
short_chatter_marker-161,short_chatter_marker,75,,,,,,,,,
short_chatter_marker-162,short_chatter_marker,75,,,,,,,,,
short_chatter_marker-163,short_chatter_marker,75,,,,,,,,,
short_chatter_marker-164,short_chatter_marker,75,,,,,,,,,
short_chatter_marker-165,short_chatter_marker,75,,,,,,,,,
short_chatter_marker-166,short_chatter_marker,75,,,,,,,,,
short_chatter_marker-167,short_chatter_marker,75,,,,,,,,,
short_chatter_marker-168,short_chatter_marker,75,,,,,,,,,
short_chatter_marker-169,short_chatter_marker,75,,,,,,,,,
short_chatter_marker-170,short_chatter_marker,75,,,,,,,,,
short_chatter_marker-171,short_chatter_marker,75,,,,,,,,,
short_chatter_marker-172,short_chatter_marker,75,,,,,,,,,
short_chatter_marker-173,short_chatter_marker,75,,,,,,,,,
short_chatter_marker-174,short_chatter_marker,75,,,,,,,,,
short_chatter_marker-175,short_chatter_marker,75,,,,,,,,,
short_chatter_marker-176,short_chatter_marker,75,,,,,,,,,
short_chatter_marker-177,short_chatter_marker,75,,,,,,,,,
short_chatter_marker-178,short_chatter_marker,75,,,,,,,,,
short_chatter_marker-179,short_chatter_marker,75,,,,,,,,,
short_chatter_marker-180,short_chatter_marker,75,,,,,,,,,
short_chatter_marker-181,short_chatter_marker,75,,,,,,,,,
short_chatter_marker-182,short_chatter_marker,75,,,,,,,,,
short_chatter_marker-183,short_chatter_marker,75,,,,,,,,,
short_chatter_marker-184,short_chatter_marker,75,,,,,,,,,
short_chatter_marker-185,short_chatter_marker,75,,,,,,,,,
short_chatter_marker-186,short_chatter_marker,75,,,,,,,,,
short_chatter_marker-187,short_chatter_marker,75,,,,,,,,,
short_chatter_marker-188,short_chatter_marker,75,,,,,,,,,
short_chatter_marker-189,short_chatter_marker,75,,,,,,,,,
short_chatter_marker-190,short_chatter_marker,75,,,,,,,,,
short_chatter_marker-191,short_chatter_marker,75,,,,,,,,,
short_chatter_marker-192,short_chatter_marker,75,,,,,,,,,
short_chatter_marker-193,short_chatter_marker,75,,,,,,,,,
short_chatter_marker-194,short_chatter_marker,75,,,,,,,,,
short_chatter_marker-195,short_chatter_marker,75,,,,,,,,,
short_chatter_marker-196,short_chatter_marker,75,,,,,,,,,
short_chatter_marker-197,short_chatter_marker,75,,,,,,,,,
short_chatter_marker-198,short_chatter_marker,75,,,,,,,,,
short_chatter_marker-199,short_chatter_marker,75,,,,,,,,,
short_chatter_marker-200,short_chatter_marker,75,,,,,,,,,
short_chatter_marker-201,short_chatter_marker,75,,,,,,,,,
short_chatter_marker-202,short_chatter_marker,75,,,,,,,,,
short_chatter_marker-203,short_chatter_marker,75,,,,,,,,,
short_chatter_marker-204,short_chatter_marker,75,,,,,,,,,
short_chatter_marker-205,short_chatter_marker,75,,,,,,,,,
short_chatter_marker-206,short_chatter_marker,75,,,,,,,,,
short_chatter_marker-207,short_chatter_marker,75,,,,,,,,,
short_chatter_marker-208,short_chatter_marker,75,,,,,,,,,
short_chatter_marker-209,short_chatter_marker,75,,,,,,,,,
short_chatter_marker-210,short_chatter_marker,75,,,,,,,,,
short_chatter_marker-211,short_chatter_marker,75,,,,,,,,,
short_chatter_marker-212,short_chatter_marker,75,,,,,,,,,
short_chatter_marker-213,short_chatter_marker,75,,,,,,,,,
short_chatter_marker-214,short_chatter_marker,75,,,,,,,,,
short_chatter_marker-215,short_chatter_marker,75,,,,,,,,,
short_chatter_marker-216,short_chatter_marker,75,,,,,,,,,
short_chatter_marker-217,short_chatter_marker,75,,,,,,,,,
short_chatter_marker-218,short_chatter_marker,75,,,,,,,,,
short_chatter_marker-219,short_chatter_marker,75,,,,,,,,,
short_chatter_marker-220,short_chatter_marker,75,,,,,,,,,
short_chatter_marker-221,short_chatter_marker,75,,,,,,,,,
short_chatter_marker-222,short_chatter_marker,75,,,,,,,,,
short_chatter_marker-223,short_chatter_marker,75,,,,,,,,,
short_chatter_marker-224,short_chatter_marker,75,,,,,,,,,
short_chatter_marker-225,short_chatter_marker,75,,,,,,,,,
short_chatter_marker-226,short_chatter_marker,75,,,,,,,,,
short_chatter_marker-227,short_chatter_marker,75,,,,,,,,,
short_chatter_marker-228,short_chatter_marker,75,,,,,,,,,
short_chatter_marker-229,short_chatter_marker,75,,,,,,,,,
short_chatter_marker-230,short_chatter_marker,75,,,,,,,,,
short_chatter_marker-231,short_chatter_marker,75,,,,,,,,,
short_chatter_marker-232,short_chatter_marker,75,,,,,,,,,
short_chatter_marker-233,short_chatter_marker,75,,,,,,,,,
short_chatter_marker-234,short_chatter_marker,75,,,,,,,,,
short_chatter_marker-235,short_chatter_marker,75,,,,,,,,,
short_chatter_marker-236,short_chatter_marker,75,,,,,,,,,
short_chatter_marker-237,short_chatter_marker,45,,,,,,,,,
rules_onboarding_marker-001,rules_onboarding_marker,75,,,,,,,,,
rules_onboarding_marker-002,rules_onboarding_marker,75,,,,,,,,,
rules_onboarding_marker-003,rules_onboarding_marker,75,,,,,,,,,
rules_onboarding_marker-004,rules_onboarding_marker,75,,,,,,,,,
rules_onboarding_marker-005,rules_onboarding_marker,75,,,,,,,,,
rules_onboarding_marker-006,rules_onboarding_marker,35,,,,,,,,,
link_only_marker-001,link_only_marker,75,,,,,,,,,
link_only_marker-002,link_only_marker,54,,,,,,,,,
job_event_marker-001,job_event_marker,75,,,,,,,,,
job_event_marker-002,job_event_marker,34,,,,,,,,,
risk_referral_marker-001,risk_referral_marker,16,,,,,,,,,
model_pricing_marker-001,model_pricing_marker,75,,,,,,,,,
model_pricing_marker-002,model_pricing_marker,75,,,,,,,,,
model_pricing_marker-003,model_pricing_marker,75,,,,,,,,,
model_pricing_marker-004,model_pricing_marker,33,,,,,,,,,
api_troubleshooting_marker-001,api_troubleshooting_marker,75,,,,,,,,,
api_troubleshooting_marker-002,api_troubleshooting_marker,2,,,,,,,,,
tool_resource_marker-001,tool_resource_marker,56,,,,,,,,,
outage_status_marker-001,outage_status_marker,75,,,,,,,,,
outage_status_marker-002,outage_status_marker,60,,,,,,,,,
workflow_howto_marker-001,workflow_howto_marker,75,,,,,,,,,
workflow_howto_marker-002,workflow_howto_marker,75,,,,,,,,,
workflow_howto_marker-003,workflow_howto_marker,75,,,,,,,,,
workflow_howto_marker-004,workflow_howto_marker,75,,,,,,,,,
workflow_howto_marker-005,workflow_howto_marker,75,,,,,,,,,
workflow_howto_marker-006,workflow_howto_marker,75,,,,,,,,,
workflow_howto_marker-007,workflow_howto_marker,75,,,,,,,,,
workflow_howto_marker-008,workflow_howto_marker,75,,,,,,,,,
workflow_howto_marker-009,workflow_howto_marker,75,,,,,,,,,
workflow_howto_marker-010,workflow_howto_marker,75,,,,,,,,,
workflow_howto_marker-011,workflow_howto_marker,75,,,,,,,,,
workflow_howto_marker-012,workflow_howto_marker,75,,,,,,,,,
workflow_howto_marker-013,workflow_howto_marker,75,,,,,,,,,
workflow_howto_marker-014,workflow_howto_marker,75,,,,,,,,,
workflow_howto_marker-015,workflow_howto_marker,14,,,,,,,,,
unknown_potential_signal_marker-001,unknown_potential_signal_marker,1,,,,,,,,,
