marker_group_id,marker_id,message_count,routes,top_raw_ids
short_chatter_marker-001,short_chatter_marker,75,"{""CONTEXT_ONLY"": 75}","25751,25750,25748,25749,25746,25747,25741,25744,25743,25742"
short_chatter_marker-002,short_chatter_marker,75,"{""CONTEXT_ONLY"": 75}","25659,25658,25657,25656,25655,25654,25653,25649,25648,25647"
short_chatter_marker-003,short_chatter_marker,75,"{""CONTEXT_ONLY"": 75}","25557,25556,25555,25553,25552,25551,25550,25549,25548,25547"
short_chatter_marker-004,short_chatter_marker,75,"{""CONTEXT_ONLY"": 75}","25466,25463,25462,25461,25460,25459,25458,25457,25456,25455"
short_chatter_marker-005,short_chatter_marker,75,"{""CONTEXT_ONLY"": 75}","25369,25368,25366,25363,25362,25361,25360,25359,25358,25356"
short_chatter_marker-006,short_chatter_marker,75,"{""CONTEXT_ONLY"": 75}","25279,25276,25274,25273,25272,25271,25270,25269,25268,25267"
short_chatter_marker-007,short_chatter_marker,75,"{""CONTEXT_ONLY"": 75}","25176,25175,25174,25172,25173,25171,25169,25168,25167,25164"
short_chatter_marker-008,short_chatter_marker,75,"{""CONTEXT_ONLY"": 75}","25086,25087,25085,25084,25083,25081,25079,25077,25078,25076"
short_chatter_marker-009,short_chatter_marker,75,"{""CONTEXT_ONLY"": 75}","24987,24984,24979,24978,24976,24975,24974,24973,24971,24972"
short_chatter_marker-010,short_chatter_marker,75,"{""CONTEXT_ONLY"": 75}","24892,24895,24894,24891,24887,24890,24888,24889,24886,24883"
short_chatter_marker-011,short_chatter_marker,75,"{""CONTEXT_ONLY"": 75}","24805,24798,24804,24797,24803,24795,24794,24802,24801,24800"
short_chatter_marker-012,short_chatter_marker,75,"{""CONTEXT_ONLY"": 75}","24719,24718,24717,24714,24713,24712,24711,24710,24709,24707"
short_chatter_marker-013,short_chatter_marker,75,"{""CONTEXT_ONLY"": 75}","24611,24606,24607,24609,24610,24608,24604,24602,24600,24595"
short_chatter_marker-014,short_chatter_marker,75,"{""CONTEXT_ONLY"": 75}","24509,24508,24507,24506,24505,24504,24503,24502,24500,24499"
short_chatter_marker-015,short_chatter_marker,75,"{""CONTEXT_ONLY"": 75}","24426,24425,24424,24423,24422,24419,24418,24417,24415,24414"
short_chatter_marker-016,short_chatter_marker,75,"{""CONTEXT_ONLY"": 75}","24342,24340,24339,24338,24337,24336,24335,24334,24333,24330"
short_chatter_marker-017,short_chatter_marker,75,"{""CONTEXT_ONLY"": 75}","24262,24261,24260,24259,24258,24257,24256,24255,24254,24253"
short_chatter_marker-018,short_chatter_marker,75,"{""CONTEXT_ONLY"": 75}","24175,24176,24174,24173,24172,24171,24170,24169,24168,24167"
short_chatter_marker-019,short_chatter_marker,75,"{""CONTEXT_ONLY"": 75}","24092,24091,24089,24090,24088,24087,24086,24085,24083,24084"
short_chatter_marker-020,short_chatter_marker,75,"{""CONTEXT_ONLY"": 75}","24010,24009,24008,24007,24006,24005,24004,24003,24002,24001"
short_chatter_marker-021,short_chatter_marker,75,"{""CONTEXT_ONLY"": 75}","23928,23927,23926,23925,23924,23923,23922,23921,23920,23918"
short_chatter_marker-022,short_chatter_marker,75,"{""CONTEXT_ONLY"": 75}","23844,23843,23842,23841,23839,23840,23838,23837,23836,23835"
short_chatter_marker-023,short_chatter_marker,75,"{""CONTEXT_ONLY"": 75}","23757,23756,23755,23754,23753,23752,23751,23750,23744,23743"
short_chatter_marker-024,short_chatter_marker,75,"{""CONTEXT_ONLY"": 75}","23663,23662,23661,23659,23660,23658,23657,23654,23653,23652"
short_chatter_marker-025,short_chatter_marker,75,"{""CONTEXT_ONLY"": 75}","23555,23554,23553,23552,23551,23550,23548,23549,23547,23545"
short_chatter_marker-026,short_chatter_marker,75,"{""CONTEXT_ONLY"": 75}","23454,23451,23450,23448,23447,23446,23445,23444,23443,23442"
short_chatter_marker-027,short_chatter_marker,75,"{""CONTEXT_ONLY"": 75}","23355,23354,23351,23353,23352,23349,23348,23347,23345,23344"
short_chatter_marker-028,short_chatter_marker,75,"{""CONTEXT_ONLY"": 75}","23261,23260,23259,23258,23257,23256,23255,23254,23253,23252"
short_chatter_marker-029,short_chatter_marker,75,"{""CONTEXT_ONLY"": 75}","23181,23180,23179,23178,23177,23176,23175,23174,23173,23172"
short_chatter_marker-030,short_chatter_marker,75,"{""CONTEXT_ONLY"": 75}","23101,23100,23099,23098,23097,23095,23096,23094,23092,23091"
short_chatter_marker-031,short_chatter_marker,75,"{""CONTEXT_ONLY"": 75}","22999,22998,22997,22996,22995,22994,22993,22992,22991,22989"
short_chatter_marker-032,short_chatter_marker,75,"{""CONTEXT_ONLY"": 75}","22903,22902,22900,22901,22899,22898,22897,22896,22895,22894"
short_chatter_marker-033,short_chatter_marker,75,"{""CONTEXT_ONLY"": 75}","22815,22814,22812,22811,22809,22808,22807,22806,22804,22803"
short_chatter_marker-034,short_chatter_marker,75,"{""CONTEXT_ONLY"": 75}","22725,22724,22723,22722,22721,22720,22719,22718,22717,22716"
short_chatter_marker-035,short_chatter_marker,75,"{""CONTEXT_ONLY"": 75}","22627,22626,22625,22624,22623,22622,22621,22620,22619,22618"
short_chatter_marker-036,short_chatter_marker,75,"{""CONTEXT_ONLY"": 75}","22534,22532,22530,22526,22524,22521,22518,22515,22514,22513"
short_chatter_marker-037,short_chatter_marker,75,"{""CONTEXT_ONLY"": 75}","22432,22431,22430,22429,22428,22427,22426,22425,22424,22423"
short_chatter_marker-038,short_chatter_marker,75,"{""CONTEXT_ONLY"": 75}","22346,22344,22343,22342,22341,22340,22339,22336,22335,22331"
short_chatter_marker-039,short_chatter_marker,75,"{""CONTEXT_ONLY"": 75}","22251,22250,22249,22248,22246,22245,22243,22242,22241,22240"
short_chatter_marker-040,short_chatter_marker,75,"{""CONTEXT_ONLY"": 75}","22162,22161,22160,22159,22158,22157,22154,22153,22152,22149"
short_chatter_marker-041,short_chatter_marker,75,"{""CONTEXT_ONLY"": 75}","22080,22079,22078,22077,22075,22074,22073,22069,22072,22071"
short_chatter_marker-042,short_chatter_marker,75,"{""CONTEXT_ONLY"": 75}","21983,21984,21982,21981,21980,21979,21978,21977,21976,21975"
short_chatter_marker-043,short_chatter_marker,75,"{""CONTEXT_ONLY"": 75}","21895,21894,21896,21892,21891,21890,21888,21889,21887,21885"
short_chatter_marker-044,short_chatter_marker,75,"{""CONTEXT_ONLY"": 75}","21808,21807,21806,21805,21804,21803,21801,21800,21798,21797"
short_chatter_marker-045,short_chatter_marker,75,"{""CONTEXT_ONLY"": 75}","21718,21717,21715,21714,21711,21710,21708,21707,21706,21703"
short_chatter_marker-046,short_chatter_marker,75,"{""CONTEXT_ONLY"": 75}","21613,21612,21611,21610,21609,21607,21606,21605,21604,21603"
short_chatter_marker-047,short_chatter_marker,75,"{""CONTEXT_ONLY"": 75}","21519,21518,21517,21516,21515,21514,21513,21512,21511,21507"
short_chatter_marker-048,short_chatter_marker,75,"{""CONTEXT_ONLY"": 75}","21411,21409,21407,21408,21410,21406,21405,21404,21403,21402"
short_chatter_marker-049,short_chatter_marker,75,"{""CONTEXT_ONLY"": 75}","21332,21330,21329,21325,21328,21327,21326,21321,21323,21322"
short_chatter_marker-050,short_chatter_marker,75,"{""CONTEXT_ONLY"": 75}","21247,21245,21244,21242,21240,21241,21238,21237,21236,21235"
short_chatter_marker-051,short_chatter_marker,75,"{""CONTEXT_ONLY"": 75}","21151,21150,21149,21148,21147,21146,21145,21144,21141,21139"
short_chatter_marker-052,short_chatter_marker,75,"{""CONTEXT_ONLY"": 75}","21061,21062,21060,21058,21056,21055,21054,21051,21046,21045"
short_chatter_marker-053,short_chatter_marker,75,"{""CONTEXT_ONLY"": 75}","20971,20970,20968,20969,20965,20964,20961,20960,20959,20958"
short_chatter_marker-054,short_chatter_marker,75,"{""CONTEXT_ONLY"": 75}","20881,20880,20877,20879,20878,20876,20875,20874,20872,20873"
short_chatter_marker-055,short_chatter_marker,75,"{""CONTEXT_ONLY"": 75}","20780,20779,20777,20776,20775,20774,20773,20772,20771,20769"
short_chatter_marker-056,short_chatter_marker,75,"{""CONTEXT_ONLY"": 75}","20683,20681,20679,20678,20677,20676,20675,20674,20673,20672"
short_chatter_marker-057,short_chatter_marker,75,"{""CONTEXT_ONLY"": 75}","20598,20597,20595,20593,20594,20592,20590,20589,20588,20585"
short_chatter_marker-058,short_chatter_marker,75,"{""CONTEXT_ONLY"": 75}","20508,20509,20507,20506,20505,20503,20501,20502,20500,20499"
short_chatter_marker-059,short_chatter_marker,75,"{""CONTEXT_ONLY"": 75}","20421,20420,20419,20418,20417,20416,20415,20414,20413,20412"
short_chatter_marker-060,short_chatter_marker,75,"{""CONTEXT_ONLY"": 75}","20334,20331,20330,20329,20328,20326,20327,20323,20324,20322"
short_chatter_marker-061,short_chatter_marker,75,"{""CONTEXT_ONLY"": 75}","20247,20246,20245,20244,20242,20243,20241,20238,20240,20239"
short_chatter_marker-062,short_chatter_marker,75,"{""CONTEXT_ONLY"": 75}","20139,20136,20135,20134,20133,20129,20130,20128,20127,20125"
short_chatter_marker-063,short_chatter_marker,75,"{""CONTEXT_ONLY"": 75}","20046,20045,20043,20041,20040,20038,20037,20036,20035,20032"
short_chatter_marker-064,short_chatter_marker,75,"{""CONTEXT_ONLY"": 75}","19962,19960,19959,19958,19957,19956,19955,19954,19953,19952"
short_chatter_marker-065,short_chatter_marker,75,"{""CONTEXT_ONLY"": 75}","19883,19882,19881,19880,19879,19878,19877,19876,19875,19874"
short_chatter_marker-066,short_chatter_marker,75,"{""CONTEXT_ONLY"": 75}","19789,19788,19787,19786,19785,19784,19783,19782,19780,19781"
short_chatter_marker-067,short_chatter_marker,75,"{""CONTEXT_ONLY"": 75}","19705,19702,19701,19700,19699,19698,19697,19696,19695,19694"
short_chatter_marker-068,short_chatter_marker,75,"{""CONTEXT_ONLY"": 75}","19613,19611,19610,19609,19606,19608,19607,19604,19605,19603"
short_chatter_marker-069,short_chatter_marker,75,"{""CONTEXT_ONLY"": 75}","19519,19517,19516,19512,19511,19510,19505,19504,19503,19502"
short_chatter_marker-070,short_chatter_marker,75,"{""CONTEXT_ONLY"": 75}","19420,19419,19418,19417,19416,19415,19411,19410,19408,19407"
short_chatter_marker-071,short_chatter_marker,75,"{""CONTEXT_ONLY"": 75}","19338,19337,19335,19334,19333,19332,19330,19329,19328,19327"
short_chatter_marker-072,short_chatter_marker,75,"{""CONTEXT_ONLY"": 75}","19236,19235,19234,19232,19231,19230,19229,19228,19227,19226"
short_chatter_marker-073,short_chatter_marker,75,"{""CONTEXT_ONLY"": 75}","19148,19147,19146,19145,19144,19143,19142,19141,19140,19139"
short_chatter_marker-074,short_chatter_marker,75,"{""CONTEXT_ONLY"": 75}","19058,19057,19046,19044,19040,19039,19038,19037,19036,19035"
short_chatter_marker-075,short_chatter_marker,75,"{""CONTEXT_ONLY"": 75}","18954,18953,18951,18950,18949,18948,18947,18946,18945,18943"
short_chatter_marker-076,short_chatter_marker,75,"{""CONTEXT_ONLY"": 75}","18867,18866,18864,18863,18862,18861,18860,18859,18858,18857"
short_chatter_marker-077,short_chatter_marker,75,"{""CONTEXT_ONLY"": 75}","18778,18777,18775,18774,18773,18771,18769,18767,18765,18766"
short_chatter_marker-078,short_chatter_marker,75,"{""CONTEXT_ONLY"": 75}","18675,18673,18669,18668,18666,18665,18664,18660,18663,18662"
short_chatter_marker-079,short_chatter_marker,75,"{""CONTEXT_ONLY"": 75}","18584,18582,18581,18580,18579,18578,18577,18576,18575,18574"
short_chatter_marker-080,short_chatter_marker,75,"{""CONTEXT_ONLY"": 75}","18505,18504,18502,18500,18501,18499,18498,18496,18494,18497"
short_chatter_marker-081,short_chatter_marker,75,"{""CONTEXT_ONLY"": 75}","18421,18420,18419,18418,18415,18414,18412,18410,18408,18409"
short_chatter_marker-082,short_chatter_marker,75,"{""CONTEXT_ONLY"": 75}","18330,18331,18329,18328,18326,18325,18324,18323,18322,18321"
short_chatter_marker-083,short_chatter_marker,75,"{""CONTEXT_ONLY"": 75}","18242,18241,18240,18239,18238,18237,18236,18235,18234,18232"
short_chatter_marker-084,short_chatter_marker,75,"{""CONTEXT_ONLY"": 75}","18152,18151,18150,18149,18148,18147,18146,18144,18143,18142"
short_chatter_marker-085,short_chatter_marker,75,"{""CONTEXT_ONLY"": 75}","18062,18061,18060,18055,18058,18057,18056,18054,18053,18052"
short_chatter_marker-086,short_chatter_marker,75,"{""CONTEXT_ONLY"": 75}","17980,17981,17979,17978,17977,17975,17974,17973,17972,17971"
short_chatter_marker-087,short_chatter_marker,75,"{""CONTEXT_ONLY"": 75}","17902,17899,17898,17897,17896,17895,17892,17894,17889,17890"
short_chatter_marker-088,short_chatter_marker,75,"{""CONTEXT_ONLY"": 75}","17815,17816,17814,17813,17812,17811,17810,17809,17808,17807"
short_chatter_marker-089,short_chatter_marker,75,"{""CONTEXT_ONLY"": 75}","17727,17726,17725,17724,17723,17721,17719,17718,17717,17715"
short_chatter_marker-090,short_chatter_marker,75,"{""CONTEXT_ONLY"": 75}","17639,17634,17636,17635,17631,17630,17629,17627,17625,17623"
short_chatter_marker-091,short_chatter_marker,75,"{""CONTEXT_ONLY"": 75}","17547,17546,17545,17543,17561,17542,17540,17539,17538,17537"
short_chatter_marker-092,short_chatter_marker,75,"{""CONTEXT_ONLY"": 75}","17454,17455,17453,17452,17451,17450,17449,17448,17447,17446"
short_chatter_marker-093,short_chatter_marker,75,"{""CONTEXT_ONLY"": 75}","17376,17375,17374,17373,17372,17371,17370,17369,17368,17367"
short_chatter_marker-094,short_chatter_marker,75,"{""CONTEXT_ONLY"": 75}","17284,17280,17279,17225,17207,17222,17221,17220,17213,17232"
short_chatter_marker-095,short_chatter_marker,75,"{""CONTEXT_ONLY"": 75}","17186,17185,17184,17183,17181,17180,17175,17174,17173,17172"
short_chatter_marker-096,short_chatter_marker,75,"{""CONTEXT_ONLY"": 75}","17115,17073,17113,16988,16987,16986,16985,16984,17112,17110"
short_chatter_marker-097,short_chatter_marker,75,"{""CONTEXT_ONLY"": 75}","17049,17048,17047,17046,17045,17044,17043,17042,16951,17041"
short_chatter_marker-098,short_chatter_marker,75,"{""CONTEXT_ONLY"": 75}","16905,16904,16903,16901,16900,16899,16898,16893,16897,16896"
short_chatter_marker-099,short_chatter_marker,75,"{""CONTEXT_ONLY"": 75}","16825,16824,16823,16822,16821,16820,16819,16818,16817,16816"
short_chatter_marker-100,short_chatter_marker,75,"{""CONTEXT_ONLY"": 75}","16764,16763,16762,16761,16760,16759,16757,16756,16755,16754"
short_chatter_marker-101,short_chatter_marker,75,"{""CONTEXT_ONLY"": 75}","16690,16689,16687,16686,16685,16683,16682,16681,16385,16384"
short_chatter_marker-102,short_chatter_marker,75,"{""CONTEXT_ONLY"": 75}","16391,16613,16612,16611,16610,16609,16608,16607,16606,16605"
short_chatter_marker-103,short_chatter_marker,75,"{""CONTEXT_ONLY"": 75}","16534,16533,16531,16529,16528,16527,16513,16512,16511,16510"
short_chatter_marker-104,short_chatter_marker,75,"{""CONTEXT_ONLY"": 75}","16365,16395,16403,16402,16401,16364,16363,16362,16361,16360"
short_chatter_marker-105,short_chatter_marker,75,"{""CONTEXT_ONLY"": 75}","16286,16285,16284,16283,16282,16281,16280,16279,16278,16277"
short_chatter_marker-106,short_chatter_marker,75,"{""CONTEXT_ONLY"": 75}","16195,16194,16193,16190,16191,16188,16189,16187,16186,16185"
short_chatter_marker-107,short_chatter_marker,75,"{""CONTEXT_ONLY"": 75}","16110,16104,16102,16101,16099,16098,16097,16095,16094,16093"
short_chatter_marker-108,short_chatter_marker,75,"{""CONTEXT_ONLY"": 75}","15983,15982,15981,15980,15977,15978,15976,15975,15974,15972"
short_chatter_marker-109,short_chatter_marker,75,"{""CONTEXT_ONLY"": 75}","15893,15892,15890,15888,15887,15886,15885,15884,15882,15883"
short_chatter_marker-110,short_chatter_marker,75,"{""CONTEXT_ONLY"": 75}","15795,15793,15792,15789,15788,15790,15786,15784,15783,15782"
short_chatter_marker-111,short_chatter_marker,75,"{""CONTEXT_ONLY"": 75}","15704,15703,15702,15701,15700,15699,15698,15697,15696,15695"
short_chatter_marker-112,short_chatter_marker,75,"{""CONTEXT_ONLY"": 75}","15562,15561,15560,15559,15558,15556,15555,15554,15553,15552"
short_chatter_marker-113,short_chatter_marker,75,"{""CONTEXT_ONLY"": 75}","15459,15458,15456,15453,15451,15450,15449,15447,15445,15444"
short_chatter_marker-114,short_chatter_marker,75,"{""CONTEXT_ONLY"": 75}","15376,15375,15374,15373,15372,15371,15370,15369,15367,15368"
short_chatter_marker-115,short_chatter_marker,75,"{""CONTEXT_ONLY"": 75}","15282,15280,15278,15276,15275,15274,15272,15273,15271,15270"
short_chatter_marker-116,short_chatter_marker,75,"{""CONTEXT_ONLY"": 75}","14968,14967,14966,14965,14964,14963,14962,14961,14960,14959"
short_chatter_marker-117,short_chatter_marker,75,"{""CONTEXT_ONLY"": 75}","15015,15014,15013,15012,15010,15009,15008,15007,14915,15006"
short_chatter_marker-118,short_chatter_marker,75,"{""CONTEXT_ONLY"": 75}","14840,14838,14837,14835,14834,14833,14832,14831,14830,14829"
short_chatter_marker-119,short_chatter_marker,75,"{""CONTEXT_ONLY"": 75}","14756,14758,14757,14755,14753,14751,14750,14749,14748,14747"
short_chatter_marker-120,short_chatter_marker,75,"{""CONTEXT_ONLY"": 75}","14671,14670,14669,14668,14667,14666,14665,14664,14663,14662"
short_chatter_marker-121,short_chatter_marker,75,"{""CONTEXT_ONLY"": 75}","14593,14592,14591,14590,14589,14588,14587,14586,14585,14584"
short_chatter_marker-122,short_chatter_marker,75,"{""CONTEXT_ONLY"": 75}","14509,14508,14507,14506,14504,14505,14502,14501,14500,14499"
short_chatter_marker-123,short_chatter_marker,75,"{""CONTEXT_ONLY"": 75}","14430,14429,14428,14427,14426,14425,14424,14423,14422,14421"
short_chatter_marker-124,short_chatter_marker,75,"{""CONTEXT_ONLY"": 75}","14350,14349,14348,14347,14346,14345,14344,14343,14342,14341"
short_chatter_marker-125,short_chatter_marker,75,"{""CONTEXT_ONLY"": 75}","14267,14266,14265,14264,14263,14262,14261,14259,14258,14257"
short_chatter_marker-126,short_chatter_marker,75,"{""CONTEXT_ONLY"": 75}","14173,14172,14171,14170,14169,14167,14166,14165,14163,14162"
short_chatter_marker-127,short_chatter_marker,75,"{""CONTEXT_ONLY"": 75}","14084,14083,14082,14081,14080,14079,14078,14077,14076,14075"
short_chatter_marker-128,short_chatter_marker,75,"{""CONTEXT_ONLY"": 75}","14005,13999,14001,13998,14000,13997,13996,13995,13994,13993"
short_chatter_marker-129,short_chatter_marker,75,"{""CONTEXT_ONLY"": 75}","13919,13917,13916,13914,13915,13913,13912,13911,13910,13909"
short_chatter_marker-130,short_chatter_marker,75,"{""CONTEXT_ONLY"": 75}","13831,13830,13829,13828,13827,13826,13825,13824,13823,13822"
short_chatter_marker-131,short_chatter_marker,75,"{""CONTEXT_ONLY"": 75}","13745,13744,13742,13741,13740,13718,13608,13710,13717,13709"
short_chatter_marker-132,short_chatter_marker,75,"{""CONTEXT_ONLY"": 75}","13672,13671,13670,13669,13668,13633,13632,13667,13630,13629"
short_chatter_marker-133,short_chatter_marker,75,"{""CONTEXT_ONLY"": 75}","13551,13550,13549,13547,13546,13544,13543,13542,13541,13540"
short_chatter_marker-134,short_chatter_marker,75,"{""CONTEXT_ONLY"": 75}","13468,13467,13466,13463,13464,13462,13461,13460,13459,13458"
short_chatter_marker-135,short_chatter_marker,75,"{""CONTEXT_ONLY"": 75}","13388,13387,13386,13385,13384,13383,13382,13381,13379,13378"
short_chatter_marker-136,short_chatter_marker,75,"{""CONTEXT_ONLY"": 75}","13305,13304,13303,13302,13300,13299,13297,13295,13294,13293"
short_chatter_marker-137,short_chatter_marker,75,"{""CONTEXT_ONLY"": 75}","13207,13206,13205,13204,13203,13202,13201,13200,13193,13191"
short_chatter_marker-138,short_chatter_marker,75,"{""CONTEXT_ONLY"": 75}","13059,13058,13057,13056,13055,13054,13053,13052,13048,13049"
short_chatter_marker-139,short_chatter_marker,75,"{""CONTEXT_ONLY"": 75}","12969,12968,12966,12965,12963,12961,12962,12960,12959,12958"
short_chatter_marker-140,short_chatter_marker,75,"{""CONTEXT_ONLY"": 75}","12883,12882,12881,12880,12879,12877,12876,12875,12874,12873"
short_chatter_marker-141,short_chatter_marker,75,"{""CONTEXT_ONLY"": 75}","12793,12792,12791,12789,12788,12787,12786,12785,12783,12784"
short_chatter_marker-142,short_chatter_marker,75,"{""CONTEXT_ONLY"": 75}","12701,12700,12699,12698,12697,12695,12694,12693,12692,12691"
short_chatter_marker-143,short_chatter_marker,75,"{""CONTEXT_ONLY"": 75}","12613,12611,12610,12609,12608,12607,12606,12605,12604,12603"
short_chatter_marker-144,short_chatter_marker,75,"{""CONTEXT_ONLY"": 75}","12531,12526,12530,12529,12528,12527,12525,12521,12524,12523"
short_chatter_marker-145,short_chatter_marker,75,"{""CONTEXT_ONLY"": 75}","12450,12449,12448,12447,12446,12445,12444,12443,12440,12439"
short_chatter_marker-146,short_chatter_marker,75,"{""CONTEXT_ONLY"": 75}","12364,12363,12362,12361,12360,12359,12358,12356,12355,12354"
short_chatter_marker-147,short_chatter_marker,75,"{""CONTEXT_ONLY"": 75}","12286,12285,12282,12284,12281,12280,12279,12278,12277,12276"
short_chatter_marker-148,short_chatter_marker,75,"{""CONTEXT_ONLY"": 75}","12208,12207,12206,12205,12204,12203,12202,12201,12200,12199"
short_chatter_marker-149,short_chatter_marker,75,"{""CONTEXT_ONLY"": 75}","12127,12126,12121,12124,12123,12122,12120,12119,12118,12117"
short_chatter_marker-150,short_chatter_marker,75,"{""CONTEXT_ONLY"": 75}","12046,12045,12044,12042,12040,12039,12037,12036,12035,12034"
short_chatter_marker-151,short_chatter_marker,75,"{""CONTEXT_ONLY"": 75}","11960,11959,11956,11955,11954,11957,11953,11952,11950,11949"
short_chatter_marker-152,short_chatter_marker,75,"{""CONTEXT_ONLY"": 75}","11873,11872,11870,11869,11868,11867,11866,11865,11864,11863"
short_chatter_marker-153,short_chatter_marker,75,"{""CONTEXT_ONLY"": 75}","11781,11780,11779,11778,11776,11777,11774,11773,11772,11770"
short_chatter_marker-154,short_chatter_marker,75,"{""CONTEXT_ONLY"": 75}","11702,11701,11700,11699,11698,11697,11696,11695,11694,11691"
short_chatter_marker-155,short_chatter_marker,75,"{""CONTEXT_ONLY"": 75}","11608,11607,11606,11605,11604,11603,11602,11601,11600,11597"
short_chatter_marker-156,short_chatter_marker,75,"{""CONTEXT_ONLY"": 75}","11508,11507,11506,11505,11504,11503,11502,11501,11500,11499"
short_chatter_marker-157,short_chatter_marker,75,"{""CONTEXT_ONLY"": 75}","11400,11396,11395,11392,11391,11390,11389,11388,11387,11386"
short_chatter_marker-158,short_chatter_marker,75,"{""CONTEXT_ONLY"": 75}","11294,11293,11292,11291,11290,11289,11288,11262,11260,11257"
short_chatter_marker-159,short_chatter_marker,75,"{""CONTEXT_ONLY"": 75}","11107,11106,11105,11104,11103,11102,11101,11100,11099,11098"
short_chatter_marker-160,short_chatter_marker,75,"{""CONTEXT_ONLY"": 75}","11019,11018,11017,11016,11015,11014,11013,11010,11009,11008"
short_chatter_marker-161,short_chatter_marker,75,"{""CONTEXT_ONLY"": 75}","10933,10932,10931,10929,10927,10928,10926,10924,10923,10922"
short_chatter_marker-162,short_chatter_marker,75,"{""CONTEXT_ONLY"": 75}","10847,10846,10845,10844,10843,10842,10841,10839,10838,10835"
short_chatter_marker-163,short_chatter_marker,75,"{""CONTEXT_ONLY"": 75}","10767,10766,10765,10764,10763,10762,10761,10760,10759,10758"
short_chatter_marker-164,short_chatter_marker,75,"{""CONTEXT_ONLY"": 75}","10681,10680,10678,10679,10677,10676,10675,10674,10673,10672"
short_chatter_marker-165,short_chatter_marker,75,"{""CONTEXT_ONLY"": 75}","10595,10594,10593,10591,10592,10590,10589,10588,10587,10586"
short_chatter_marker-166,short_chatter_marker,75,"{""CONTEXT_ONLY"": 75}","10509,10508,10507,10506,10505,10504,10502,10500,10499,10498"
short_chatter_marker-167,short_chatter_marker,75,"{""CONTEXT_ONLY"": 75}","10421,10419,10418,10417,10416,10415,10414,10413,10412,10411"
short_chatter_marker-168,short_chatter_marker,75,"{""CONTEXT_ONLY"": 75}","10339,10338,10336,10337,10335,10334,10333,10332,10331,10330"
short_chatter_marker-169,short_chatter_marker,75,"{""CONTEXT_ONLY"": 75}","10256,10254,10253,10252,10251,10250,10249,10248,10247,10246"
short_chatter_marker-170,short_chatter_marker,75,"{""CONTEXT_ONLY"": 75}","10165,10164,10162,10161,10160,10157,10156,10155,10154,10152"
short_chatter_marker-171,short_chatter_marker,75,"{""CONTEXT_ONLY"": 75}","10072,10071,10070,10069,10068,10066,10065,10064,10062,10061"
short_chatter_marker-172,short_chatter_marker,75,"{""CONTEXT_ONLY"": 75}","9990,9989,9988,9987,9986,9985,9982,9981,9979,9980"
short_chatter_marker-173,short_chatter_marker,75,"{""CONTEXT_ONLY"": 75}","9907,9906,9905,9904,9903,9902,9901,9900,9899,9898"
short_chatter_marker-174,short_chatter_marker,75,"{""CONTEXT_ONLY"": 75}","9828,9825,9827,9826,9824,9823,9821,9820,9819,9818"
short_chatter_marker-175,short_chatter_marker,75,"{""CONTEXT_ONLY"": 75}","9745,9744,9743,9742,9741,9740,9739,9737,9736,9735"
short_chatter_marker-176,short_chatter_marker,75,"{""CONTEXT_ONLY"": 75}","9659,9658,9657,9656,9655,9654,9653,9652,9651,9650"
short_chatter_marker-177,short_chatter_marker,75,"{""CONTEXT_ONLY"": 75}","9580,9579,9577,9576,9573,9575,9574,9572,9571,9570"
short_chatter_marker-178,short_chatter_marker,75,"{""CONTEXT_ONLY"": 75}","9496,9495,9494,9492,9491,9490,9489,9488,9487,9486"
short_chatter_marker-179,short_chatter_marker,75,"{""CONTEXT_ONLY"": 75}","9418,9417,9416,9415,9410,9408,9407,9406,9405,9404"
short_chatter_marker-180,short_chatter_marker,75,"{""CONTEXT_ONLY"": 75}","9336,9335,9333,9332,9331,9330,9329,9328,9327,9326"
short_chatter_marker-181,short_chatter_marker,75,"{""CONTEXT_ONLY"": 75}","9241,9240,9239,9238,9237,9235,9236,9234,9233,9232"
short_chatter_marker-182,short_chatter_marker,75,"{""CONTEXT_ONLY"": 75}","9151,9150,9149,9148,9147,9145,9143,9142,9141,9140"
short_chatter_marker-183,short_chatter_marker,75,"{""CONTEXT_ONLY"": 75}","9070,9068,9067,9069,9066,9061,9065,9063,9062,9059"
short_chatter_marker-184,short_chatter_marker,75,"{""CONTEXT_ONLY"": 75}","8989,8988,8987,8986,8984,8983,8981,8982,8980,8979"
short_chatter_marker-185,short_chatter_marker,75,"{""CONTEXT_ONLY"": 75}","8904,8903,8901,8902,8900,8899,8898,8897,8896,8894"
short_chatter_marker-186,short_chatter_marker,75,"{""CONTEXT_ONLY"": 75}","8820,8819,8817,8816,8815,8814,8813,8812,8810,8811"
short_chatter_marker-187,short_chatter_marker,75,"{""CONTEXT_ONLY"": 75}","8738,8737,8735,8734,8732,8733,8731,8730,8729,8728"
short_chatter_marker-188,short_chatter_marker,75,"{""CONTEXT_ONLY"": 75}","8657,8655,8654,8653,8652,8651,8649,8650,8648,8647"
short_chatter_marker-189,short_chatter_marker,75,"{""CONTEXT_ONLY"": 75}","8578,8573,8572,8575,8574,8571,8570,8569,8568,8564"
short_chatter_marker-190,short_chatter_marker,75,"{""CONTEXT_ONLY"": 75}","8483,8484,8482,8481,8480,8477,8479,8478,8475,8473"
short_chatter_marker-191,short_chatter_marker,75,"{""CONTEXT_ONLY"": 75}","8353,8351,8350,8349,8348,8347,8345,8344,8343,8342"
short_chatter_marker-192,short_chatter_marker,75,"{""CONTEXT_ONLY"": 75}","8264,8263,8262,8261,8260,8259,8258,8257,8255,8254"
short_chatter_marker-193,short_chatter_marker,75,"{""CONTEXT_ONLY"": 75}","8177,8176,8175,8174,8173,8172,8171,8170,8169,8168"
short_chatter_marker-194,short_chatter_marker,75,"{""CONTEXT_ONLY"": 75}","8095,8094,8092,8093,8091,8090,8089,8088,8087,8086"
short_chatter_marker-195,short_chatter_marker,75,"{""CONTEXT_ONLY"": 75}","8019,8018,8017,8016,8015,8013,8012,8011,8010,8009"
short_chatter_marker-196,short_chatter_marker,75,"{""CONTEXT_ONLY"": 75}","7989,7968,7988,7915,7967,7966,7965,7987,7986,7981"
short_chatter_marker-197,short_chatter_marker,75,"{""CONTEXT_ONLY"": 75}","7802,7801,7941,7940,7939,7938,7937,7936,7935,7933"
short_chatter_marker-198,short_chatter_marker,75,"{""CONTEXT_ONLY"": 75}","7722,7719,7721,7720,7718,7717,7715,7714,7713,7712"
short_chatter_marker-199,short_chatter_marker,75,"{""CONTEXT_ONLY"": 75}","7632,7631,7630,7628,7625,7626,7624,7621,7623,7622"
short_chatter_marker-200,short_chatter_marker,75,"{""CONTEXT_ONLY"": 75}","7541,7540,7539,7538,7536,7535,7534,7532,7531,7528"
short_chatter_marker-201,short_chatter_marker,75,"{""CONTEXT_ONLY"": 75}","7447,7445,7444,7442,7441,7440,7439,7438,7436,7437"
short_chatter_marker-202,short_chatter_marker,75,"{""CONTEXT_ONLY"": 75}","7344,7342,7341,7340,7339,7337,7335,7334,7333,7331"
short_chatter_marker-203,short_chatter_marker,75,"{""CONTEXT_ONLY"": 75}","7253,7252,7251,7250,7249,7248,7247,7246,7245,7244"
short_chatter_marker-204,short_chatter_marker,75,"{""CONTEXT_ONLY"": 75}","7160,7158,7156,7155,7154,7153,7151,7150,7149,7148"
short_chatter_marker-205,short_chatter_marker,75,"{""CONTEXT_ONLY"": 75}","7066,7065,7064,7063,7062,7061,7060,7059,7058,7056"
short_chatter_marker-206,short_chatter_marker,75,"{""CONTEXT_ONLY"": 75}","6975,6973,6972,6971,6968,6970,6969,6967,6966,6965"
short_chatter_marker-207,short_chatter_marker,75,"{""CONTEXT_ONLY"": 75}","6891,6890,6889,6887,6886,6885,6883,6881,6882,6880"
short_chatter_marker-208,short_chatter_marker,75,"{""CONTEXT_ONLY"": 75}","6806,6807,6808,6804,6802,6801,6800,6799,6798,6797"
short_chatter_marker-209,short_chatter_marker,75,"{""CONTEXT_ONLY"": 75}","6719,6718,6715,6714,6713,6712,6711,6710,6709,6708"
short_chatter_marker-210,short_chatter_marker,75,"{""CONTEXT_ONLY"": 75}","6622,6621,6620,6619,6618,6617,6615,6613,6611,6610"
short_chatter_marker-211,short_chatter_marker,75,"{""CONTEXT_ONLY"": 75}","6528,6527,6525,6524,6523,6521,6520,6519,6518,6517"
short_chatter_marker-212,short_chatter_marker,75,"{""CONTEXT_ONLY"": 75}","6447,6446,6445,6444,6443,6442,6441,6440,6439,6438"
short_chatter_marker-213,short_chatter_marker,75,"{""CONTEXT_ONLY"": 75}","6347,6345,6344,6343,6342,6341,6339,6340,6338,6337"
short_chatter_marker-214,short_chatter_marker,75,"{""CONTEXT_ONLY"": 75}","6265,6262,6263,6261,6260,6259,6258,6256,6255,6254"
short_chatter_marker-215,short_chatter_marker,75,"{""CONTEXT_ONLY"": 75}","6174,6170,6169,6168,6167,6166,6164,6162,6161,6157"
short_chatter_marker-216,short_chatter_marker,75,"{""CONTEXT_ONLY"": 75}","6078,6077,6076,6072,6075,6074,6073,6071,6070,6067"
short_chatter_marker-217,short_chatter_marker,75,"{""CONTEXT_ONLY"": 75}","5977,5974,5972,5971,5968,5967,5965,5962,5963,5960"
short_chatter_marker-218,short_chatter_marker,75,"{""CONTEXT_ONLY"": 75}","5882,5881,5879,5880,5878,5877,5875,5874,5873,5871"
short_chatter_marker-219,short_chatter_marker,75,"{""CONTEXT_ONLY"": 75}","5618,5617,5613,5612,5610,5609,5607,5608,5605,5603"
short_chatter_marker-220,short_chatter_marker,75,"{""CONTEXT_ONLY"": 75}","5518,5516,5515,5514,5513,5512,5511,5509,5506,5508"
short_chatter_marker-221,short_chatter_marker,75,"{""CONTEXT_ONLY"": 75}","5428,5427,5426,5423,5422,5421,5420,5419,5418,5417"
short_chatter_marker-222,short_chatter_marker,75,"{""CONTEXT_ONLY"": 75}","5362,5361,5360,5359,5358,5357,5356,5355,5354,5353"
short_chatter_marker-223,short_chatter_marker,75,"{""CONTEXT_ONLY"": 75}","5277,5272,5271,5270,5814,5268,5267,5266,5264,5262"
short_chatter_marker-224,short_chatter_marker,75,"{""CONTEXT_ONLY"": 75}","5094,5092,5091,5090,5089,5171,5170,5167,5166,5165"
short_chatter_marker-225,short_chatter_marker,75,"{""CONTEXT_ONLY"": 75}","5072,5071,5027,5070,5069,5068,5067,5066,5065,5064"
short_chatter_marker-226,short_chatter_marker,75,"{""CONTEXT_ONLY"": 75}","4938,4937,4936,4935,4934,4932,4930,4929,4928,4927"
short_chatter_marker-227,short_chatter_marker,75,"{""CONTEXT_ONLY"": 75}","4780,4778,4776,4775,4774,4772,4771,4770,4769,4763"
short_chatter_marker-228,short_chatter_marker,75,"{""CONTEXT_ONLY"": 75}","4655,4654,4653,4652,4651,4649,4648,4647,4645,4646"
short_chatter_marker-229,short_chatter_marker,75,"{""CONTEXT_ONLY"": 75}","4558,4557,4556,4555,4554,4553,4552,4551,4550,4549"
short_chatter_marker-230,short_chatter_marker,75,"{""CONTEXT_ONLY"": 75}","4456,4455,4454,4453,4452,4451,4450,4449,4448,4445"
short_chatter_marker-231,short_chatter_marker,75,"{""CONTEXT_ONLY"": 75}","4274,4273,4271,4270,4269,4268,4267,4265,4264,4263"
short_chatter_marker-232,short_chatter_marker,75,"{""CONTEXT_ONLY"": 75}","4171,4170,4169,4168,4167,4166,4163,4165,4164,4161"
short_chatter_marker-233,short_chatter_marker,75,"{""CONTEXT_ONLY"": 75}","3912,3910,3909,3908,3907,3906,3903,3902,3901,3899"
short_chatter_marker-234,short_chatter_marker,75,"{""CONTEXT_ONLY"": 75}","3788,3785,3784,3783,3782,3781,3771,3886,3885,3884"
short_chatter_marker-235,short_chatter_marker,75,"{""CONTEXT_ONLY"": 75}","3758,3757,3756,3754,3752,3751,3750,3749,3748,3747"
short_chatter_marker-236,short_chatter_marker,75,"{""CONTEXT_ONLY"": 75}","3631,3630,3629,3628,3626,3625,3624,3623,3622,3677"
short_chatter_marker-237,short_chatter_marker,45,"{""CONTEXT_ONLY"": 45}","3215,3214,3213,3212,3210,3209,3208,3207,3206,3205"
rules_onboarding_marker-001,rules_onboarding_marker,75,"{""REJECT_SAFE"": 75}","25669,25661,25652,25646,25640,25604,25598,25595,25574,25554"
rules_onboarding_marker-002,rules_onboarding_marker,75,"{""REJECT_SAFE"": 75}","23643,23625,23614,23605,23599,23594,23590,23586,23581,23576"
rules_onboarding_marker-003,rules_onboarding_marker,75,"{""REJECT_SAFE"": 75}","20751,20736,20699,20656,20633,20472,20468,20428,20371,20336"
rules_onboarding_marker-004,rules_onboarding_marker,75,"{""REJECT_SAFE"": 75}","17541,17511,17363,17354,17349,17201,17182,17154,16979,16978"
rules_onboarding_marker-005,rules_onboarding_marker,75,"{""REJECT_SAFE"": 75}","11263,11259,11200,11198,11197,11194,11034,10910,10881,10751"
rules_onboarding_marker-006,rules_onboarding_marker,35,"{""REJECT_SAFE"": 35}","4859,4853,4851,4843,4840,4811,4810,4753,4715,4696"
link_only_marker-001,link_only_marker,75,"{""NEEDS_ENRICHMENT"": 69, ""SIGNAL_ONLY"": 2, ""MANUAL_REVIEW"": 4}","25729,25666,25625,25613,25605,25585,25499,25235,25133,25112"
link_only_marker-002,link_only_marker,54,"{""NEEDS_ENRICHMENT"": 54}","16039,15948,15656,15650,15535,15320,14933,14562,13631,13658"
job_event_marker-001,job_event_marker,75,"{""AGGREGATE_ONLY"": 75}","25753,25438,25337,25292,25218,25196,25190,24988,24951,24852"
job_event_marker-002,job_event_marker,34,"{""AGGREGATE_ONLY"": 34}","8407,8366,7822,7820,7819,7979,7978,7816,7806,7805"
risk_referral_marker-001,risk_referral_marker,16,"{""MANUAL_REVIEW"": 14, ""SIGNAL_ONLY"": 2}","25642,25603,25597,23047,23005,22990,22858,19071,17281,16046"
model_pricing_marker-001,model_pricing_marker,75,"{""SIGNAL_ONLY"": 74, ""CONTEXT_ONLY"": 1}","25752,25736,25701,25682,25392,25390,25365,25237,25107,25103"
model_pricing_marker-002,model_pricing_marker,75,"{""SIGNAL_ONLY"": 73, ""REVIEW_HIGH_RECALL"": 1, ""CONTEXT_ONLY"": 1}","19509,19413,19214,19172,19083,19056,19031,18972,18786,18706"
model_pricing_marker-003,model_pricing_marker,75,"{""SIGNAL_ONLY"": 72, ""CONTEXT_ONLY"": 3}","11443,11432,11428,11427,11425,11422,11418,11411,11377,11376"
model_pricing_marker-004,model_pricing_marker,33,"{""SIGNAL_ONLY"": 31, ""CONTEXT_ONLY"": 2}","5036,5030,4995,5023,4977,4916,4913,4889,4885,4882"
api_troubleshooting_marker-001,api_troubleshooting_marker,75,"{""CONTEXT_ONLY"": 26, ""REVIEW_HIGH_RECALL"": 49}","25520,25375,25371,25367,25353,25304,25200,25106,23710,23511"
api_troubleshooting_marker-002,api_troubleshooting_marker,2,"{""REVIEW_HIGH_RECALL"": 2}","3670,3273"
tool_resource_marker-001,tool_resource_marker,56,"{""CONTEXT_ONLY"": 48, ""REVIEW_HIGH_RECALL"": 8}","25677,25205,25047,23745,23249,22884,22876,22746,21582,21338"
outage_status_marker-001,outage_status_marker,75,"{""CONTEXT_ONLY"": 67, ""REVIEW_HIGH_RECALL"": 8}","25726,25702,25357,25331,25170,25159,25095,24980,24601,23673"
outage_status_marker-002,outage_status_marker,60,"{""REVIEW_HIGH_RECALL"": 8, ""CONTEXT_ONLY"": 52}","12110,12103,12041,12038,11958,11555,11431,11426,11176,10970"
workflow_howto_marker-001,workflow_howto_marker,75,"{""CONTEXT_ONLY"": 71, ""REVIEW_HIGH_RECALL"": 4}","25720,25715,25672,25665,25662,25612,25607,25590,25588,25495"
workflow_howto_marker-002,workflow_howto_marker,75,"{""CONTEXT_ONLY"": 74, ""REVIEW_HIGH_RECALL"": 1}","24297,24290,24251,24249,24248,24208,24199,24196,24182,24181"
workflow_howto_marker-003,workflow_howto_marker,75,"{""CONTEXT_ONLY"": 73, ""REVIEW_HIGH_RECALL"": 2}","22865,22813,22810,22802,22789,22778,22740,22711,22689,22675"
workflow_howto_marker-004,workflow_howto_marker,75,"{""CONTEXT_ONLY"": 73, ""REVIEW_HIGH_RECALL"": 2}","20904,20886,20849,20825,20797,20778,20754,20743,20740,20680"
workflow_howto_marker-005,workflow_howto_marker,75,"{""CONTEXT_ONLY"": 75}","18914,18894,18865,18813,18809,18799,18789,18754,18724,18704"
workflow_howto_marker-006,workflow_howto_marker,75,"{""CONTEXT_ONLY"": 72, ""REVIEW_HIGH_RECALL"": 3}","17536,17531,17525,17517,17485,17460,17458,17434,17429,17357"
workflow_howto_marker-007,workflow_howto_marker,75,"{""REVIEW_HIGH_RECALL"": 6, ""CONTEXT_ONLY"": 69}","16164,16163,16162,16108,16106,16100,16085,16044,16038,17064"
workflow_howto_marker-008,workflow_howto_marker,75,"{""CONTEXT_ONLY"": 74, ""REVIEW_HIGH_RECALL"": 1}","14552,14542,14541,14519,14503,14458,14448,14375,14362,14321"
workflow_howto_marker-009,workflow_howto_marker,75,"{""CONTEXT_ONLY"": 73, ""REVIEW_HIGH_RECALL"": 2}","12696,12680,12600,12498,12452,12431,12345,12251,12137,12125"
workflow_howto_marker-010,workflow_howto_marker,75,"{""CONTEXT_ONLY"": 75}","10865,10840,10781,10754,10739,10737,10635,10632,10583,10579"
workflow_howto_marker-011,workflow_howto_marker,75,"{""CONTEXT_ONLY"": 72, ""REVIEW_HIGH_RECALL"": 3}","9285,9273,9216,9157,9144,9113,9055,9019,9007,8957"
workflow_howto_marker-012,workflow_howto_marker,75,"{""CONTEXT_ONLY"": 71, ""REVIEW_HIGH_RECALL"": 4}","7694,7677,7654,7627,7620,7619,7611,7583,7564,7547"
workflow_howto_marker-013,workflow_howto_marker,75,"{""CONTEXT_ONLY"": 73, ""REVIEW_HIGH_RECALL"": 2}","6773,6765,6754,6730,6703,6702,6688,6683,6659,6630"
workflow_howto_marker-014,workflow_howto_marker,75,"{""CONTEXT_ONLY"": 72, ""REVIEW_HIGH_RECALL"": 3}","5074,5028,4991,5020,4940,4898,4897,4867,4820,4818"
workflow_howto_marker-015,workflow_howto_marker,14,"{""CONTEXT_ONLY"": 13, ""REVIEW_HIGH_RECALL"": 1}","3702,3700,3699,3648,3654,3672,3763,5144,3662,3661"
unknown_potential_signal_marker-001,unknown_potential_signal_marker,1,"{""REVIEW_HIGH_RECALL"": 1}",9673
